{"bboxes": [[675, 213, 696, 258], [678, 253, 700, 302]], "classes": [0, 0], "scores": [0.6617351174354553, 0.36346086859703064]}