{"bboxes": [[675, 213, 696, 258], [678, 253, 700, 302]], "classes": [0, 0], "scores": [0.6612305045127869, 0.3613426983356476]}