{"bboxes": [[523, 150, 669, 429], [473, 360, 510, 438]], "classes": [3, 0], "scores": [0.8861297965049744, 0.34382811188697815]}