{"bboxes": [[482, 172, 676, 525], [342, 599, 410, 717]], "classes": [3, 0], "scores": [0.8871279358863831, 0.5007302761077881]}