{"bboxes": [[499, 143, 666, 475], [412, 474, 461, 565]], "classes": [3, 0], "scores": [0.9146680235862732, 0.38801735639572144]}