{"bboxes": [[549, 167, 669, 351], [504, 434, 651, 645], [529, 263, 555, 313]], "classes": [3, 1, 0], "scores": [0.6829902529716492, 0.564385175704956, 0.40487200021743774]}