{"bboxes": [[533, 142, 669, 401], [495, 319, 527, 391], [471, 554, 641, 713]], "classes": [3, 0, 1], "scores": [0.8554627895355225, 0.36568933725357056, 0.34914925694465637]}