{"bboxes": [[516, 553, 571, 675], [559, 133, 673, 317], [543, 380, 663, 512], [597, 546, 664, 679]], "classes": [0, 3, 1, 0], "scores": [0.8281335830688477, 0.7273929119110107, 0.5470049977302551, 0.37478744983673096]}