{"bboxes": [[550, 153, 669, 337], [521, 428, 649, 588], [538, 248, 563, 292]], "classes": [3, 1, 0], "scores": [0.6667327284812927, 0.5459945797920227, 0.3043676018714905]}