{"bboxes": [[533, 145, 666, 381], [480, 514, 646, 716]], "classes": [3, 1], "scores": [0.7828110456466675, 0.5304141640663147]}