{"bboxes": [[544, 170, 669, 364], [495, 475, 650, 698], [517, 281, 544, 334]], "classes": [3, 1, 0], "scores": [0.7190457582473755, 0.6442368626594543, 0.3322376310825348]}