{"bboxes": [[533, 142, 669, 401], [495, 319, 527, 391], [471, 554, 641, 713]], "classes": [3, 0, 1], "scores": [0.8556703329086304, 0.3642338216304779, 0.3508201539516449]}