{"bboxes": [[554, 155, 671, 332], [499, 620, 562, 713], [530, 408, 656, 554], [590, 607, 663, 711], [543, 234, 566, 278]], "classes": [3, 0, 1, 0, 0], "scores": [0.6527878046035767, 0.6343752145767212, 0.5744912028312683, 0.3917376697063446, 0.32334256172180176]}