{"bboxes": [[544, 169, 669, 363], [495, 476, 650, 699], [517, 281, 544, 334]], "classes": [3, 1, 0], "scores": [0.7192895412445068, 0.6438326835632324, 0.3240663409233093]}