{"bboxes": [[550, 154, 669, 337], [521, 429, 649, 589], [538, 248, 563, 292]], "classes": [3, 1, 0], "scores": [0.6651972532272339, 0.5518616437911987, 0.3148689866065979]}