{"bboxes": [[577, 289, 663, 375], [630, 439, 674, 535], [681, 481, 739, 586], [578, 145, 674, 271], [565, 368, 602, 441], [511, 615, 584, 717], [615, 389, 658, 469]], "classes": [1, 0, 0, 3, 0, 0, 0], "scores": [0.6971449255943298, 0.6537987589836121, 0.6122686266899109, 0.606732189655304, 0.5514233112335205, 0.4858846068382263, 0.40805596113204956]}