{"bboxes": [[560, 326, 662, 433], [546, 437, 587, 529], [678, 610, 747, 716], [616, 535, 670, 644], [568, 120, 675, 290], [610, 453, 658, 546]], "classes": [1, 0, 0, 0, 3, 0], "scores": [0.7403776049613953, 0.6976943016052246, 0.6750917434692383, 0.6677185893058777, 0.654925525188446, 0.3905274271965027]}