{"bboxes": [[564, 122, 674, 296], [538, 469, 584, 567], [560, 341, 663, 452], [611, 572, 668, 691], [611, 476, 659, 569], [558, 202, 580, 244]], "classes": [3, 0, 1, 0, 0, 0], "scores": [0.749883770942688, 0.7145215272903442, 0.6731131672859192, 0.4455903470516205, 0.38131076097488403, 0.3160738945007324]}