{"bboxes": [[555, 412, 594, 495], [568, 312, 664, 408], [623, 494, 673, 602], [574, 135, 676, 279], [679, 560, 752, 686], [612, 427, 659, 516]], "classes": [0, 1, 0, 3, 0, 0], "scores": [0.7573841214179993, 0.7478215098381042, 0.7259001135826111, 0.6388909816741943, 0.5907813906669617, 0.34877249598503113]}