{"bboxes": [[555, 412, 594, 495], [568, 312, 664, 408], [623, 494, 673, 602], [574, 134, 676, 279], [679, 560, 752, 686], [612, 427, 659, 516]], "classes": [0, 1, 0, 3, 0, 0], "scores": [0.7565868496894836, 0.7480679154396057, 0.7293055057525635, 0.642860472202301, 0.59092777967453, 0.348045289516449]}