{"bboxes": [[525, 511, 577, 620], [563, 131, 673, 307], [603, 514, 661, 622], [552, 362, 660, 483]], "classes": [0, 3, 0, 1], "scores": [0.8121741414070129, 0.7133259177207947, 0.5967980623245239, 0.509956955909729]}