{"bboxes": [[516, 553, 571, 675], [559, 133, 673, 317], [543, 380, 663, 512], [597, 546, 664, 679]], "classes": [0, 3, 1, 0], "scores": [0.8282031416893005, 0.7295135259628296, 0.5467621088027954, 0.3744466304779053]}