{"bboxes": [[569, 303, 665, 392], [561, 389, 598, 468], [683, 518, 742, 628], [576, 145, 675, 280], [628, 463, 674, 567], [614, 410, 660, 497]], "classes": [1, 0, 0, 3, 0, 0], "scores": [0.7754821181297302, 0.6603836417198181, 0.6529198288917542, 0.612077534198761, 0.609127402305603, 0.4466385543346405]}