{"bboxes": [[577, 289, 663, 375], [629, 439, 673, 535], [681, 481, 739, 586], [577, 144, 674, 271], [565, 368, 602, 441], [511, 615, 584, 717], [615, 389, 658, 469]], "classes": [1, 0, 0, 3, 0, 0, 0], "scores": [0.6954656839370728, 0.6525306701660156, 0.6084598302841187, 0.6058627963066101, 0.5515817403793335, 0.482549786567688, 0.40914294123649597]}