{"bboxes": [[564, 122, 674, 296], [538, 469, 584, 567], [560, 341, 663, 452], [611, 572, 668, 691], [611, 476, 659, 569], [558, 202, 580, 244]], "classes": [3, 0, 1, 0, 0, 0], "scores": [0.7490211129188538, 0.715634822845459, 0.6735677719116211, 0.4450809359550476, 0.38353338837623596, 0.31630194187164307]}