{"bboxes": [[663, 563, 724, 697], [684, 370, 730, 455], [564, 458, 637, 566], [648, 348, 682, 421], [593, 249, 665, 320]], "classes": [0, 0, 0, 0, 1], "scores": [0.6429616212844849, 0.6216529011726379, 0.610633373260498, 0.49124088883399963, 0.3964524567127228]}