{"bboxes": [[666, 446, 715, 548], [685, 322, 726, 383], [595, 222, 667, 291], [587, 391, 648, 474], [660, 303, 688, 367]], "classes": [0, 0, 1, 0, 0], "scores": [0.794430136680603, 0.5837299227714539, 0.42524072527885437, 0.39492619037628174, 0.33244791626930237]}