{"bboxes": [[683, 413, 735, 507], [584, 268, 666, 341], [542, 516, 624, 649], [586, 163, 673, 268], [637, 387, 678, 469], [581, 332, 615, 400]], "classes": [0, 1, 0, 3, 0, 0], "scores": [0.7107373476028442, 0.6435261368751526, 0.6115087270736694, 0.5073792934417725, 0.3649270534515381, 0.30727970600128174]}