{"bboxes": [[681, 390, 729, 480], [554, 485, 625, 599], [658, 615, 721, 715], [590, 257, 663, 331], [586, 161, 670, 254], [642, 380, 679, 460]], "classes": [0, 0, 0, 1, 3, 0], "scores": [0.7122526168823242, 0.6901118755340576, 0.627729594707489, 0.5979799628257751, 0.4387063682079315, 0.4039146900177002]}