{"bboxes": [[664, 563, 725, 697], [684, 370, 730, 455], [564, 458, 637, 567], [648, 348, 681, 421], [593, 248, 666, 319]], "classes": [0, 0, 0, 0, 1], "scores": [0.6406404972076416, 0.6223484873771667, 0.6134377121925354, 0.49309268593788147, 0.3957224190235138]}