{"bboxes": [[668, 481, 719, 585], [685, 335, 726, 407], [579, 410, 648, 501], [596, 229, 666, 301], [655, 319, 687, 392]], "classes": [0, 0, 0, 1, 0], "scores": [0.6867685914039612, 0.5748271346092224, 0.5142259001731873, 0.48889270424842834, 0.4582618474960327]}