{"bboxes": [[528, 565, 613, 702], [682, 448, 739, 548], [581, 278, 665, 359], [630, 411, 675, 502], [585, 160, 675, 272], [574, 350, 607, 422]], "classes": [0, 0, 1, 0, 3, 0], "scores": [0.8414327502250671, 0.7407283186912537, 0.6935045123100281, 0.6560642719268799, 0.6122478246688843, 0.5583594441413879]}