{"bboxes": [[683, 413, 735, 507], [584, 268, 666, 341], [544, 517, 624, 648], [586, 163, 673, 268], [637, 387, 678, 469], [581, 332, 615, 400]], "classes": [0, 1, 0, 3, 0, 0], "scores": [0.7119410037994385, 0.6437516212463379, 0.6131764054298401, 0.5087781548500061, 0.3684989809989929, 0.309224933385849]}