{"bboxes": [[663, 518, 720, 638], [570, 432, 643, 531], [685, 352, 727, 429], [653, 332, 685, 406], [592, 235, 667, 315]], "classes": [0, 0, 0, 0, 1], "scores": [0.7737602591514587, 0.5968227982521057, 0.5562105774879456, 0.5321898460388184, 0.33423247933387756]}