{"bboxes": [[668, 481, 719, 585], [685, 335, 726, 407], [579, 410, 648, 501], [596, 229, 666, 301], [655, 319, 687, 392]], "classes": [0, 0, 0, 1, 0], "scores": [0.6906823515892029, 0.5723913908004761, 0.5195426940917969, 0.49293211102485657, 0.46072590351104736]}