{"bboxes": [[667, 410, 716, 505], [615, 595, 686, 714], [631, 280, 657, 336], [688, 305, 725, 363], [662, 286, 687, 343], [592, 218, 671, 286]], "classes": [0, 0, 0, 0, 0, 1], "scores": [0.8051056265830994, 0.6830734610557556, 0.6362375020980835, 0.4966713488101959, 0.4402332603931427, 0.41894516348838806]}