{"bboxes": [[667, 410, 716, 505], [615, 595, 686, 714], [631, 280, 657, 336], [688, 305, 725, 363], [662, 286, 687, 343], [592, 218, 671, 286]], "classes": [0, 0, 0, 0, 0, 1], "scores": [0.8044251203536987, 0.6814777851104736, 0.6361389756202698, 0.4947666823863983, 0.43796947598457336, 0.41880229115486145]}