{"bboxes": [[617, 606, 689, 715], [646, 387, 707, 475], [623, 288, 655, 351], [632, 234, 656, 277], [676, 272, 700, 324], [522, 420, 565, 501], [688, 244, 716, 285]], "classes": [0, 0, 0, 0, 0, 0, 0], "scores": [0.4548172652721405, 0.4358179271221161, 0.4295439124107361, 0.4108467400074005, 0.38137662410736084, 0.35691434144973755, 0.30617669224739075]}