{"bboxes": [[629, 509, 693, 625], [671, 370, 713, 455], [692, 281, 718, 328], [631, 258, 657, 308], [440, 621, 508, 716], [603, 208, 668, 268]], "classes": [0, 0, 0, 0, 0, 1], "scores": [0.7137666344642639, 0.6125971674919128, 0.4330136179924011, 0.43062007427215576, 0.35369133949279785, 0.3472818434238434]}