{"bboxes": [[485, 505, 542, 606], [642, 443, 704, 546], [686, 262, 717, 307]], "classes": [0, 0, 0], "scores": [0.6812567114830017, 0.6338230967521667, 0.4472525417804718]}