{"bboxes": [[643, 417, 704, 511], [618, 302, 653, 369], [686, 254, 714, 301], [501, 460, 549, 552]], "classes": [0, 0, 0, 0], "scores": [0.5394165515899658, 0.3775203824043274, 0.33021584153175354, 0.3265015780925751]}