{"bboxes": [[485, 504, 542, 605], [641, 443, 703, 546], [686, 262, 717, 307]], "classes": [0, 0, 0], "scores": [0.6907451748847961, 0.6354950070381165, 0.4462084472179413]}