{"bboxes": [[622, 548, 686, 672], [669, 390, 713, 479], [631, 270, 656, 323], [688, 294, 718, 342], [661, 275, 686, 331], [593, 215, 672, 292]], "classes": [0, 0, 0, 0, 0, 1], "scores": [0.789164662361145, 0.7365526556968689, 0.5063468813896179, 0.49879732728004456, 0.39398396015167236, 0.3255768120288849]}