{"bboxes": [[629, 509, 693, 625], [671, 370, 713, 455], [692, 281, 718, 328], [631, 259, 657, 309], [441, 622, 508, 717], [603, 208, 668, 268]], "classes": [0, 0, 0, 0, 0, 1], "scores": [0.7102040648460388, 0.6103017926216125, 0.4263996481895447, 0.41933274269104004, 0.3569483757019043, 0.3416707217693329]}