{"bboxes": [[636, 476, 696, 582], [464, 560, 523, 680], [673, 352, 712, 432], [689, 271, 716, 319], [673, 305, 701, 366]], "classes": [0, 0, 0, 0, 0], "scores": [0.5969991087913513, 0.5917161703109741, 0.569190263748169, 0.3503005802631378, 0.33524781465530396]}