{"bboxes": [[571, 280, 602, 346], [662, 291, 692, 351], [644, 373, 688, 457]], "classes": [0, 0, 0], "scores": [0.7094029784202576, 0.5456026792526245, 0.5414564609527588]}