{"bboxes": [[630, 503, 689, 611], [632, 222, 655, 265], [685, 282, 715, 344], [540, 360, 580, 434]], "classes": [0, 0, 0, 0], "scores": [0.6950711011886597, 0.5732418298721313, 0.5241478681564331, 0.42518123984336853]}