{"bboxes": [[630, 503, 689, 611], [632, 222, 655, 265], [685, 282, 715, 344], [540, 360, 580, 433]], "classes": [0, 0, 0, 0], "scores": [0.6967794895172119, 0.5729937553405762, 0.5254352688789368, 0.42907339334487915]}