{"bboxes": [[632, 463, 689, 566], [634, 216, 656, 257], [687, 271, 714, 327], [550, 336, 588, 408]], "classes": [0, 0, 0, 0], "scores": [0.7004815340042114, 0.5604425668716431, 0.544488251209259, 0.5000699758529663]}