{"bboxes": [[638, 417, 689, 509], [560, 312, 594, 380], [635, 210, 657, 250], [689, 259, 713, 309]], "classes": [0, 0, 0, 0], "scores": [0.5840204358100891, 0.5069834589958191, 0.4702228903770447, 0.3072901964187622]}