{"bboxes": [[632, 228, 655, 273], [621, 558, 690, 681], [676, 264, 698, 311], [530, 385, 574, 466], [685, 293, 721, 362]], "classes": [0, 0, 0, 0, 0], "scores": [0.6130740642547607, 0.5782166719436646, 0.40907883644104004, 0.33165377378463745, 0.30662333965301514]}