{"bboxes": [[643, 393, 692, 484], [566, 294, 599, 362], [661, 300, 693, 363]], "classes": [0, 0, 0], "scores": [0.6319805979728699, 0.5067822337150574, 0.4748269319534302]}