{"bboxes": [[638, 417, 689, 509], [560, 311, 594, 379], [635, 210, 657, 250], [689, 259, 713, 309]], "classes": [0, 0, 0, 0], "scores": [0.5844652652740479, 0.5066993236541748, 0.4676086902618408, 0.3069877326488495]}