{"bboxes": [[617, 606, 689, 715], [646, 387, 707, 475], [623, 288, 655, 351], [632, 234, 656, 277], [676, 272, 700, 324], [522, 420, 565, 502], [688, 244, 716, 285]], "classes": [0, 0, 0, 0, 0, 0, 0], "scores": [0.4530329406261444, 0.4319017231464386, 0.42848944664001465, 0.41082146763801575, 0.38311052322387695, 0.35540926456451416, 0.3043334186077118]}