{"bboxes": [[571, 280, 602, 346], [662, 291, 692, 351], [644, 373, 688, 457]], "classes": [0, 0, 0], "scores": [0.7060056924819946, 0.5456196069717407, 0.5256702899932861]}