{"bboxes": [[591, 240, 615, 293], [684, 222, 708, 267]], "classes": [0, 0], "scores": [0.6172392964363098, 0.3098159730434418]}