{"bboxes": [[591, 240, 615, 293], [684, 224, 709, 270]], "classes": [0, 0], "scores": [0.6182191967964172, 0.30831602215766907]}