{"bboxes": [[649, 269, 677, 328], [604, 219, 626, 264], [684, 201, 706, 243]], "classes": [0, 0, 0], "scores": [0.4713529348373413, 0.39331525564193726, 0.332050621509552]}