{"bboxes": [[525, 407, 571, 507], [598, 227, 621, 277], [685, 210, 708, 254], [653, 278, 687, 339]], "classes": [0, 0, 0, 0], "scores": [0.6217348575592041, 0.4413858950138092, 0.34031030535697937, 0.3026236295700073]}