{"bboxes": [[582, 260, 609, 319], [666, 272, 694, 324], [645, 331, 685, 413], [683, 195, 708, 240]], "classes": [0, 0, 0, 0], "scores": [0.572166383266449, 0.4821798503398895, 0.47292739152908325, 0.32294008135795593]}