{"bboxes": [[582, 260, 609, 319], [666, 272, 694, 324], [645, 331, 685, 413], [683, 195, 708, 240]], "classes": [0, 0, 0, 0], "scores": [0.5686293244361877, 0.4780738949775696, 0.4743053615093231, 0.32584258913993835]}