{"bboxes": [[589, 251, 614, 305], [684, 192, 708, 235]], "classes": [0, 0], "scores": [0.521868884563446, 0.4230673313140869]}