{"bboxes": [[575, 271, 606, 334], [663, 280, 691, 337], [646, 354, 684, 433], [683, 199, 708, 243]], "classes": [0, 0, 0, 0], "scores": [0.6407656669616699, 0.5873904228210449, 0.4828239381313324, 0.32358336448669434]}