{"bboxes": [[525, 407, 571, 507], [598, 227, 621, 277], [685, 210, 708, 254], [653, 278, 687, 339]], "classes": [0, 0, 0, 0], "scores": [0.6201807260513306, 0.44309481978416443, 0.3388456106185913, 0.3032959997653961]}