{"bboxes": [[594, 234, 617, 285], [684, 217, 708, 262], [497, 472, 553, 603]], "classes": [0, 0, 0], "scores": [0.5276116728782654, 0.41050729155540466, 0.34977588057518005]}