{"bboxes": [[593, 231, 617, 283], [653, 215, 674, 259]], "classes": [0, 0], "scores": [0.5875191688537598, 0.3273293375968933]}