{"bboxes": [[651, 235, 674, 280], [580, 268, 608, 330], [679, 215, 701, 263]], "classes": [0, 0, 0], "scores": [0.603669285774231, 0.5564544200897217, 0.3640958070755005]}