{"bboxes": [[651, 254, 675, 304], [677, 225, 701, 275]], "classes": [0, 0], "scores": [0.5507858991622925, 0.3059864044189453]}