{"bboxes": [[650, 260, 676, 316], [684, 200, 705, 240], [607, 214, 628, 259], [556, 335, 593, 416]], "classes": [0, 0, 0, 0], "scores": [0.4946575164794922, 0.31481650471687317, 0.3102428615093231, 0.3033846616744995]}