{"bboxes": [[652, 228, 674, 274], [621, 192, 641, 234]], "classes": [0, 0], "scores": [0.5355998277664185, 0.32723742723464966]}