{"bboxes": [[652, 228, 674, 274], [621, 192, 641, 234]], "classes": [0, 0], "scores": [0.5366991758346558, 0.32925403118133545]}