{"bboxes": [[651, 246, 676, 294], [575, 289, 606, 356]], "classes": [0, 0], "scores": [0.5923517942428589, 0.3756568431854248]}