{"bboxes": [[650, 260, 676, 316], [556, 335, 593, 416], [684, 200, 705, 240], [607, 214, 628, 259]], "classes": [0, 0, 0, 0], "scores": [0.4956444501876831, 0.313917338848114, 0.3107044994831085, 0.30700597167015076]}