{"bboxes": [[589, 241, 614, 294], [652, 223, 674, 268]], "classes": [0, 0], "scores": [0.6970700621604919, 0.4176252484321594]}