{"bboxes": [[651, 246, 676, 294], [575, 289, 606, 356]], "classes": [0, 0], "scores": [0.592560887336731, 0.36672285199165344]}