{"bboxes": [[603, 212, 624, 256], [652, 235, 673, 280]], "classes": [0, 0], "scores": [0.31132686138153076, 0.3044409453868866]}