{"bboxes": [[593, 231, 617, 283], [653, 215, 674, 259]], "classes": [0, 0], "scores": [0.5882259011268616, 0.3234860599040985]}