{"bboxes": [[632, 516, 691, 634], [617, 332, 655, 405]], "classes": [0, 0], "scores": [0.7566491365432739, 0.6605899333953857]}