{"bboxes": [[636, 480, 692, 591], [621, 314, 656, 386]], "classes": [0, 0], "scores": [0.7320868372917175, 0.705755352973938]}