{"bboxes": [[607, 385, 651, 461], [623, 616, 689, 710]], "classes": [0, 0], "scores": [0.6532617211341858, 0.4577188491821289]}