{"bboxes": [[626, 570, 688, 700], [610, 359, 651, 436]], "classes": [0, 0], "scores": [0.7584725618362427, 0.6989231109619141]}