{"bboxes": [[635, 480, 691, 591], [621, 314, 656, 386]], "classes": [0, 0], "scores": [0.732883095741272, 0.7084337472915649]}