{"bboxes": [[626, 570, 688, 700], [610, 359, 651, 436]], "classes": [0, 0], "scores": [0.7560612559318542, 0.6999028325080872]}