{"bboxes": [[638, 443, 691, 547], [629, 291, 660, 359]], "classes": [0, 0], "scores": [0.7213668823242188, 0.5696364641189575]}