{"bboxes": [[644, 415, 692, 510], [630, 280, 659, 345]], "classes": [0, 0], "scores": [0.7137256264686584, 0.5270047187805176]}