{"bboxes": [[598, 467, 650, 577], [653, 331, 689, 407], [644, 232, 668, 285]], "classes": [0, 0, 0], "scores": [0.8068233132362366, 0.6037641763687134, 0.5700621604919434]}