{"bboxes": [[608, 404, 653, 494], [647, 219, 669, 269], [655, 303, 686, 368]], "classes": [0, 0, 0], "scores": [0.8138482570648193, 0.6158145070075989, 0.558928370475769]}