{"bboxes": [[598, 467, 650, 577], [653, 331, 689, 407], [644, 232, 668, 285]], "classes": [0, 0, 0], "scores": [0.8085998892784119, 0.60616135597229, 0.5733860731124878]}