{"bboxes": [[580, 564, 645, 694], [650, 367, 690, 447], [638, 252, 663, 309]], "classes": [0, 0, 0], "scores": [0.8127517700195312, 0.5509306788444519, 0.5415818095207214]}