{"bboxes": [[646, 387, 691, 476], [635, 264, 660, 321]], "classes": [0, 0], "scores": [0.6142134666442871, 0.5965881943702698]}