{"bboxes": [[580, 564, 645, 694], [650, 367, 690, 447], [638, 252, 663, 309]], "classes": [0, 0, 0], "scores": [0.8130658864974976, 0.5524294376373291, 0.5413045883178711]}