{"bboxes": [[608, 403, 653, 493], [647, 219, 669, 269], [655, 303, 686, 368]], "classes": [0, 0, 0], "scores": [0.8126363158226013, 0.6170571446418762, 0.558462381362915]}