{"bboxes": [[589, 512, 651, 632], [642, 243, 667, 299], [652, 348, 689, 426]], "classes": [0, 0, 0], "scores": [0.8391338586807251, 0.6627365946769714, 0.5406926274299622]}