{"bboxes": [[605, 431, 651, 528], [647, 226, 669, 276], [655, 317, 687, 387]], "classes": [0, 0, 0], "scores": [0.7816495299339294, 0.6570881605148315, 0.4961349368095398]}