{"bboxes": [[644, 415, 692, 510], [630, 280, 659, 345]], "classes": [0, 0], "scores": [0.7143734097480774, 0.529292106628418]}