{"bboxes": [[620, 330, 653, 404], [660, 267, 687, 323], [652, 199, 672, 245]], "classes": [0, 0, 0], "scores": [0.6676081418991089, 0.6414579153060913, 0.3091699481010437]}