{"bboxes": [[629, 266, 654, 326], [664, 231, 687, 279]], "classes": [0, 0], "scores": [0.4756033420562744, 0.4737741947174072]}