{"bboxes": [[611, 376, 655, 461], [655, 290, 686, 354], [649, 213, 671, 262]], "classes": [0, 0, 0], "scores": [0.7356464862823486, 0.6925473809242249, 0.5034626722335815]}