{"bboxes": [[626, 293, 655, 360], [665, 248, 688, 298], [652, 190, 672, 234]], "classes": [0, 0, 0], "scores": [0.6588897109031677, 0.3925122320652008, 0.3612808585166931]}