{"bboxes": [[622, 312, 653, 384], [663, 259, 687, 313], [651, 196, 671, 241]], "classes": [0, 0, 0], "scores": [0.6000229716300964, 0.5155481696128845, 0.3579395115375519]}