{"bboxes": [[622, 312, 653, 384], [663, 259, 687, 313], [651, 196, 671, 241]], "classes": [0, 0, 0], "scores": [0.5982636213302612, 0.5113006234169006, 0.3530508577823639]}