{"bboxes": [[616, 355, 654, 435], [656, 281, 686, 339], [649, 209, 670, 257]], "classes": [0, 0, 0], "scores": [0.7077149152755737, 0.6143354177474976, 0.35318464040756226]}