{"bboxes": [[616, 355, 654, 435], [656, 281, 686, 339], [649, 209, 670, 257]], "classes": [0, 0, 0], "scores": [0.7080672979354858, 0.6137169003486633, 0.34964296221733093]}