{"bboxes": [[635, 205, 656, 254], [667, 190, 688, 233]], "classes": [0, 0], "scores": [0.39888519048690796, 0.3649018108844757]}