{"bboxes": [[630, 243, 654, 298], [666, 218, 688, 265]], "classes": [0, 0], "scores": [0.6024078726768494, 0.3456016778945923]}