{"bboxes": [[632, 233, 654, 285], [667, 211, 688, 257], [667, 251, 689, 299]], "classes": [0, 0, 0], "scores": [0.5140832662582397, 0.36515480279922485, 0.32077378034591675]}