{"bboxes": [[629, 254, 654, 313], [668, 271, 694, 331], [665, 224, 687, 270]], "classes": [0, 0, 0], "scores": [0.6083590984344482, 0.35279253125190735, 0.3102003037929535]}