{"bboxes": [[632, 233, 654, 285], [667, 211, 688, 257], [667, 251, 689, 299]], "classes": [0, 0, 0], "scores": [0.5049707293510437, 0.36603817343711853, 0.31060540676116943]}