{"bboxes": [[629, 254, 654, 313], [668, 271, 694, 331], [665, 225, 687, 271]], "classes": [0, 0, 0], "scores": [0.6072615385055542, 0.3515348732471466, 0.3119857609272003]}