{"bboxes": [[635, 205, 656, 254], [667, 190, 688, 233]], "classes": [0, 0], "scores": [0.397960901260376, 0.3649888336658478]}