{"bboxes": [[636, 196, 656, 242], [666, 184, 687, 226]], "classes": [0, 0], "scores": [0.34307461977005005, 0.3340674042701721]}