{"bboxes": [[270, 494, 381, 754], [395, 423, 421, 510]], "classes": [1, 0], "scores": [0.6360465884208679, 0.4834383726119995]}