{"bboxes": [[481, 427, 642, 650], [659, 361, 694, 431]], "classes": [1, 0], "scores": [0.714550256729126, 0.4053194522857666]}