{"bboxes": [[550, 310, 661, 434], [659, 248, 683, 298]], "classes": [1, 0], "scores": [0.5759247541427612, 0.395791620016098]}