{"bboxes": [[503, 391, 644, 568], [660, 325, 691, 386]], "classes": [1, 0], "scores": [0.7057362794876099, 0.3885745406150818]}