{"bboxes": [[503, 391, 644, 568], [660, 325, 691, 386]], "classes": [1, 0], "scores": [0.7059361934661865, 0.38622623682022095]}