{"bboxes": [[542, 327, 658, 459], [658, 264, 683, 311]], "classes": [1, 0], "scores": [0.7734513878822327, 0.4090955853462219]}