{"bboxes": [[656, 279, 683, 331], [529, 344, 653, 490]], "classes": [0, 1], "scores": [0.550162672996521, 0.45871061086654663]}