{"bboxes": [[450, 463, 635, 706], [659, 397, 702, 478]], "classes": [1, 0], "scores": [0.6376161575317383, 0.479381799697876]}