{"bboxes": [[521, 366, 645, 533], [659, 301, 687, 354]], "classes": [1, 0], "scores": [0.5218268036842346, 0.36310574412345886]}