{"bboxes": [[550, 310, 661, 434], [659, 248, 683, 298]], "classes": [1, 0], "scores": [0.576238751411438, 0.39483219385147095]}