{"bboxes": [[656, 279, 683, 331], [529, 344, 654, 491]], "classes": [0, 1], "scores": [0.5449960827827454, 0.4510529041290283]}