{"bboxes": [[606, 625, 678, 715], [581, 262, 663, 349], [660, 204, 682, 248]], "classes": [0, 1, 0], "scores": [0.5701581239700317, 0.40510427951812744, 0.3422088623046875]}