{"bboxes": [[606, 625, 678, 715], [581, 262, 663, 349], [660, 204, 682, 248]], "classes": [0, 1, 0], "scores": [0.5699207186698914, 0.40423789620399475, 0.34062689542770386]}