{"bboxes": [[610, 554, 677, 676], [590, 250, 665, 343]], "classes": [0, 1], "scores": [0.7216375470161438, 0.5722351670265198]}