{"bboxes": [[630, 452, 680, 549], [600, 230, 667, 329]], "classes": [0, 3], "scores": [0.7687839269638062, 0.31947460770606995]}