{"bboxes": [[657, 225, 682, 267], [565, 278, 662, 382]], "classes": [0, 1], "scores": [0.41266289353370667, 0.39318785071372986]}