{"bboxes": [[657, 225, 682, 267], [565, 278, 662, 382]], "classes": [0, 1], "scores": [0.4116074740886688, 0.3940293788909912]}