{"bboxes": [[558, 295, 661, 408], [657, 235, 683, 277]], "classes": [1, 0], "scores": [0.5841861367225647, 0.4250376224517822]}