{"bboxes": [[652, 288, 680, 347], [622, 190, 671, 245], [635, 414, 677, 503]], "classes": [0, 1, 0], "scores": [0.5855129361152649, 0.4758988320827484, 0.305315226316452]}