{"bboxes": [[654, 273, 680, 330], [623, 187, 670, 239]], "classes": [0, 1], "scores": [0.6004751920700073, 0.3863823115825653]}