{"bboxes": [[651, 306, 680, 369], [622, 197, 670, 254]], "classes": [0, 1], "scores": [0.5998877882957458, 0.3429236114025116]}