{"bboxes": [[611, 529, 669, 656], [648, 344, 680, 416], [618, 208, 670, 263]], "classes": [0, 0, 1], "scores": [0.6406110525131226, 0.42256295680999756, 0.32968032360076904]}