{"bboxes": [[651, 306, 680, 369], [622, 197, 670, 254]], "classes": [0, 1], "scores": [0.5980209112167358, 0.3429584503173828]}