{"bboxes": [[611, 529, 669, 656], [648, 344, 680, 416], [618, 208, 670, 264]], "classes": [0, 0, 1], "scores": [0.6429222822189331, 0.4187333285808563, 0.32456135749816895]}