{"bboxes": [[621, 474, 678, 585], [650, 324, 680, 393], [619, 201, 670, 262]], "classes": [0, 0, 1], "scores": [0.5779023170471191, 0.5152272582054138, 0.3353287875652313]}