{"bboxes": [[658, 242, 680, 288], [648, 315, 680, 384], [625, 175, 670, 228]], "classes": [0, 0, 1], "scores": [0.6427825689315796, 0.49112415313720703, 0.39890679717063904]}