{"bboxes": [[658, 229, 680, 276], [650, 294, 679, 358]], "classes": [0, 0], "scores": [0.5778768062591553, 0.4043787717819214]}