{"bboxes": [[657, 250, 680, 300], [624, 177, 670, 229]], "classes": [0, 1], "scores": [0.6335799098014832, 0.33808982372283936]}