{"bboxes": [[654, 273, 680, 330], [623, 187, 670, 238]], "classes": [0, 1], "scores": [0.5980470776557922, 0.38567543029785156]}