{"bboxes": [[658, 229, 680, 276], [650, 294, 679, 358]], "classes": [0, 0], "scores": [0.5769620537757874, 0.38574206829071045]}