{"bboxes": [[651, 276, 680, 342], [659, 220, 680, 265], [627, 166, 671, 217]], "classes": [0, 0, 1], "scores": [0.532088577747345, 0.495730459690094, 0.35994622111320496]}