{"bboxes": [[657, 250, 680, 300], [624, 177, 670, 229]], "classes": [0, 1], "scores": [0.6312981843948364, 0.3374814987182617]}