{"bboxes": [[656, 261, 681, 315], [625, 182, 671, 232]], "classes": [0, 1], "scores": [0.7294203639030457, 0.41666707396507263]}