{"bboxes": [[663, 407, 708, 494], [426, 346, 474, 425], [506, 214, 596, 305], [653, 225, 675, 275]], "classes": [0, 0, 1, 0], "scores": [0.5971993207931519, 0.36969345808029175, 0.3692891597747803, 0.3521867096424103]}