{"bboxes": [[666, 364, 705, 445], [386, 411, 431, 495], [501, 223, 585, 298], [59, 188, 508, 718]], "classes": [0, 0, 1, 3], "scores": [0.5480928421020508, 0.5369601845741272, 0.5318001508712769, 0.3356405794620514]}