{"bboxes": [[666, 364, 705, 445], [386, 411, 431, 495], [501, 223, 585, 298], [59, 188, 508, 718]], "classes": [0, 0, 1, 3], "scores": [0.5495020151138306, 0.5363016128540039, 0.5344151258468628, 0.3305816054344177]}