{"bboxes": [[506, 219, 587, 285], [666, 385, 707, 467], [66, 180, 506, 708]], "classes": [1, 0, 3], "scores": [0.6217319369316101, 0.5911222696304321, 0.30170032382011414]}