{"bboxes": [[397, 469, 425, 569], [307, 222, 360, 310], [271, 340, 294, 408], [49, 178, 307, 755]], "classes": [0, 1, 0, 3], "scores": [0.6632043719291687, 0.4144175946712494, 0.36746612191200256, 0.30398449301719666]}