{"bboxes": [[663, 407, 708, 494], [506, 214, 596, 305], [426, 346, 474, 425], [653, 225, 675, 275]], "classes": [0, 1, 0, 0], "scores": [0.6003732085227966, 0.3720749616622925, 0.36893075704574585, 0.3513966500759125]}