{"bboxes": [[665, 345, 702, 421], [492, 231, 576, 310], [347, 453, 406, 553]], "classes": [0, 1, 0], "scores": [0.5669500231742859, 0.5533771514892578, 0.4495208263397217]}