{"bboxes": [[668, 291, 696, 354], [458, 270, 565, 362]], "classes": [0, 1], "scores": [0.5974280834197998, 0.5779567360877991]}