{"bboxes": [[666, 330, 700, 402], [487, 240, 574, 319]], "classes": [0, 1], "scores": [0.5945610404014587, 0.5782415270805359]}