{"bboxes": [[470, 260, 564, 344], [667, 303, 697, 370]], "classes": [1, 0], "scores": [0.5928273797035217, 0.5540357232093811]}