{"bboxes": [[669, 278, 696, 338], [447, 285, 548, 381]], "classes": [0, 1], "scores": [0.6078404188156128, 0.55141681432724]}