{"bboxes": [[670, 258, 694, 311], [423, 315, 531, 433]], "classes": [0, 1], "scores": [0.6338169574737549, 0.5615480542182922]}