{"bboxes": [[480, 250, 564, 330], [666, 317, 698, 386]], "classes": [1, 0], "scores": [0.631576418876648, 0.47162675857543945]}