{"bboxes": [[470, 260, 564, 344], [667, 303, 697, 370]], "classes": [1, 0], "scores": [0.5943284034729004, 0.5553297996520996]}