{"bboxes": [[669, 278, 696, 338], [447, 285, 547, 381]], "classes": [0, 1], "scores": [0.6087332963943481, 0.5519213676452637]}