{"bboxes": [[666, 330, 700, 402], [487, 240, 574, 318]], "classes": [0, 1], "scores": [0.5954771041870117, 0.5735154747962952]}