{"bboxes": [[669, 267, 695, 326], [436, 297, 538, 404]], "classes": [0, 1], "scores": [0.6614805459976196, 0.5856828093528748]}