{"bboxes": [[389, 358, 505, 492], [672, 242, 694, 289]], "classes": [1, 0], "scores": [0.6198537349700928, 0.4360218942165375]}