{"bboxes": [[355, 380, 487, 534], [672, 233, 694, 279]], "classes": [1, 0], "scores": [0.5348557233810425, 0.41306355595588684]}