{"bboxes": [[389, 358, 505, 492], [672, 242, 694, 289]], "classes": [1, 0], "scores": [0.6170272827148438, 0.4365746080875397]}