{"bboxes": [[415, 333, 522, 458], [671, 251, 694, 300]], "classes": [1, 0], "scores": [0.6439470648765564, 0.5601586699485779]}