{"bboxes": [[670, 258, 694, 311], [423, 314, 531, 432]], "classes": [0, 1], "scores": [0.6341990828514099, 0.5622249841690063]}