{"bboxes": [[620, 285, 649, 347], [618, 452, 669, 552]], "classes": [0, 0], "scores": [0.7136492133140564, 0.6222187876701355]}