{"bboxes": [[608, 572, 672, 708], [612, 323, 645, 393]], "classes": [0, 0], "scores": [0.5565264821052551, 0.5301439762115479]}