{"bboxes": [[615, 303, 647, 371], [618, 506, 674, 613], [40, 236, 415, 718]], "classes": [0, 0, 3], "scores": [0.541951060295105, 0.42885854840278625, 0.3217373490333557]}