{"bboxes": [[608, 572, 672, 708], [612, 323, 645, 393]], "classes": [0, 0], "scores": [0.5578259229660034, 0.5301162600517273]}