{"bboxes": [[620, 285, 649, 347], [619, 451, 670, 551]], "classes": [0, 0], "scores": [0.7097417712211609, 0.6148478388786316]}