{"bboxes": [[638, 298, 671, 365], [634, 223, 656, 272]], "classes": [0, 0], "scores": [0.5870278477668762, 0.32471954822540283]}