{"bboxes": [[633, 232, 655, 280], [636, 319, 670, 389]], "classes": [0, 0], "scores": [0.5589855909347534, 0.43559810519218445]}