{"bboxes": [[627, 381, 667, 460], [626, 255, 654, 317]], "classes": [0, 0], "scores": [0.4959598779678345, 0.4940330386161804]}