{"bboxes": [[623, 268, 650, 328], [623, 414, 666, 502]], "classes": [0, 0], "scores": [0.6857945322990417, 0.44850748777389526]}