{"bboxes": [[633, 232, 655, 280], [636, 319, 670, 389]], "classes": [0, 0], "scores": [0.557889461517334, 0.4239758551120758]}