{"bboxes": [[626, 255, 654, 317], [627, 381, 667, 460]], "classes": [0, 0], "scores": [0.49606630206108093, 0.49458402395248413]}