{"bboxes": [[227, 555, 320, 706], [474, 251, 511, 290]], "classes": [0, 0], "scores": [0.8317006826400757, 0.33619487285614014]}