{"bboxes": [[645, 376, 688, 459], [666, 184, 687, 226]], "classes": [0, 0], "scores": [0.769466757774353, 0.35700294375419617]}