{"bboxes": [[636, 449, 687, 549], [666, 193, 687, 235]], "classes": [0, 0], "scores": [0.8463904857635498, 0.346866250038147]}