{"bboxes": [[646, 376, 689, 459], [666, 184, 687, 226]], "classes": [0, 0], "scores": [0.7703865170478821, 0.35690176486968994]}