{"bboxes": [[633, 508, 687, 616], [668, 203, 690, 247]], "classes": [0, 0], "scores": [0.7856664657592773, 0.31097474694252014]}