{"bboxes": [[640, 406, 688, 499], [665, 186, 686, 228]], "classes": [0, 0], "scores": [0.8243666291236877, 0.32583051919937134]}