{"bboxes": [[654, 332, 688, 406], [665, 178, 686, 220]], "classes": [0, 0], "scores": [0.6535480618476868, 0.3101365268230438]}