{"bboxes": [[636, 449, 687, 549], [666, 193, 687, 236]], "classes": [0, 0], "scores": [0.8462950587272644, 0.34902361035346985]}