{"bboxes": [[654, 332, 688, 406], [665, 178, 686, 220]], "classes": [0, 0], "scores": [0.652715802192688, 0.3074255585670471]}