{"bboxes": [[608, 504, 667, 633], [482, 225, 507, 279], [675, 240, 701, 298], [688, 329, 722, 407], [574, 176, 668, 322]], "classes": [0, 0, 0, 0, 2], "scores": [0.9129957556724548, 0.8534290194511414, 0.8255719542503357, 0.8228803873062134, 0.7587948441505432]}