{"bboxes": [[612, 423, 660, 533], [684, 298, 715, 369], [675, 217, 698, 270], [465, 238, 490, 296], [586, 168, 667, 293], [521, 184, 541, 227]], "classes": [0, 0, 0, 0, 3, 0], "scores": [0.8648465871810913, 0.78609299659729, 0.7457965016365051, 0.7423884868621826, 0.6771090030670166, 0.34320393204689026]}