{"bboxes": [[691, 369, 729, 454], [560, 187, 665, 347], [675, 271, 705, 339], [494, 211, 516, 262], [597, 624, 663, 715]], "classes": [0, 2, 0, 0, 0], "scores": [0.8215019702911377, 0.8168401122093201, 0.8040074110031128, 0.6534504294395447, 0.34176310896873474]}