{"bboxes": [[560, 187, 665, 347], [692, 369, 730, 455], [675, 271, 705, 339], [494, 211, 516, 262], [597, 624, 663, 715]], "classes": [2, 0, 0, 0, 0], "scores": [0.8169913291931152, 0.8162775635719299, 0.8034453988075256, 0.6541110277175903, 0.3433026373386383]}