{"bboxes": [[612, 423, 660, 533], [684, 298, 715, 369], [675, 217, 698, 270], [465, 238, 490, 296], [586, 168, 667, 293], [521, 184, 541, 227]], "classes": [0, 0, 0, 0, 3, 0], "scores": [0.8650442957878113, 0.7845471501350403, 0.7457131147384644, 0.7441390156745911, 0.6822601556777954, 0.3437366783618927]}