{"bboxes": [[621, 390, 666, 494], [458, 246, 486, 308], [685, 283, 714, 351], [588, 165, 670, 284], [678, 206, 701, 256], [519, 185, 539, 230]], "classes": [0, 0, 0, 2, 0, 0], "scores": [0.9055514931678772, 0.8630239367485046, 0.8082668781280518, 0.7342507839202881, 0.5532791614532471, 0.3292456567287445]}