{"bboxes": [[688, 312, 720, 387], [613, 462, 665, 580], [475, 230, 500, 287], [677, 227, 701, 282], [582, 173, 667, 304]], "classes": [0, 0, 0, 0, 2], "scores": [0.8243359327316284, 0.8120102882385254, 0.8082557916641235, 0.7795656323432922, 0.6846588850021362]}