{"bboxes": [[443, 256, 476, 321], [620, 366, 660, 460], [682, 272, 709, 336], [511, 190, 532, 236], [675, 198, 698, 248], [589, 156, 667, 274]], "classes": [0, 0, 0, 0, 0, 2], "scores": [0.8369513750076294, 0.8304489254951477, 0.7536182999610901, 0.6419639587402344, 0.640723466873169, 0.6242333650588989]}