{"bboxes": [[604, 559, 667, 700], [676, 254, 703, 316], [568, 181, 667, 334], [489, 217, 511, 268], [690, 347, 725, 429]], "classes": [0, 0, 2, 0, 0], "scores": [0.9008976221084595, 0.8777468204498291, 0.8214974403381348, 0.7957676649093628, 0.7867316007614136]}