{"bboxes": [[608, 504, 667, 633], [482, 225, 507, 279], [675, 240, 701, 298], [688, 329, 722, 407], [574, 176, 668, 322]], "classes": [0, 0, 0, 0, 2], "scores": [0.9125368595123291, 0.853286623954773, 0.8253422975540161, 0.8232526779174805, 0.7595288753509521]}