{"bboxes": [[443, 256, 476, 321], [620, 366, 660, 460], [682, 272, 709, 336], [675, 198, 698, 248], [511, 190, 532, 236], [589, 156, 667, 274]], "classes": [0, 0, 0, 0, 0, 2], "scores": [0.8370431661605835, 0.8325846791267395, 0.7533141374588013, 0.6417073011398315, 0.6416164636611938, 0.6266732215881348]}