{"bboxes": [[632, 304, 664, 382], [683, 242, 708, 298], [415, 286, 449, 364], [601, 147, 667, 247], [496, 206, 518, 254]], "classes": [0, 0, 0, 2, 0], "scores": [0.8561772704124451, 0.8530072569847107, 0.8242294192314148, 0.7454612255096436, 0.6715076565742493]}