{"bboxes": [[633, 289, 664, 363], [402, 304, 437, 383], [682, 233, 706, 287], [487, 211, 510, 262], [602, 147, 669, 243], [282, 452, 630, 718]], "classes": [0, 0, 0, 0, 2, 3], "scores": [0.84814453125, 0.8431397080421448, 0.80763840675354, 0.7981821894645691, 0.7571716904640198, 0.405255526304245]}