{"bboxes": [[389, 317, 426, 399], [479, 216, 503, 268], [704, 580, 765, 713], [635, 275, 664, 344], [683, 226, 706, 278], [604, 142, 667, 236], [333, 401, 628, 718]], "classes": [0, 0, 0, 0, 0, 2, 3], "scores": [0.8843761682510376, 0.8217562437057495, 0.8072806000709534, 0.7936542630195618, 0.7913728952407837, 0.7721493244171143, 0.42077308893203735]}