{"bboxes": [[633, 289, 664, 363], [402, 304, 437, 383], [682, 233, 706, 287], [487, 211, 510, 262], [602, 147, 669, 243], [282, 452, 630, 718]], "classes": [0, 0, 0, 0, 2, 3], "scores": [0.8478250503540039, 0.8443024158477783, 0.8079787492752075, 0.7975369095802307, 0.75745689868927, 0.4063650369644165]}