{"bboxes": [[440, 263, 471, 332], [684, 261, 710, 322], [629, 344, 665, 432], [593, 153, 668, 264], [508, 196, 529, 242], [679, 191, 700, 237]], "classes": [0, 0, 0, 2, 0, 0], "scores": [0.8499378561973572, 0.8291015028953552, 0.816681981086731, 0.6376197934150696, 0.5887038111686707, 0.4723486602306366]}