{"bboxes": [[426, 275, 457, 348], [627, 324, 662, 407], [682, 250, 708, 309], [500, 202, 521, 248], [598, 153, 665, 255], [676, 184, 697, 230]], "classes": [0, 0, 0, 0, 2, 0], "scores": [0.8587226271629333, 0.8545857667922974, 0.8437588810920715, 0.6879957318305969, 0.6660273671150208, 0.48265713453292847]}