{"bboxes": [[426, 275, 457, 348], [627, 324, 662, 407], [682, 250, 708, 309], [500, 202, 521, 248], [598, 153, 665, 255], [676, 184, 697, 230]], "classes": [0, 0, 0, 0, 2, 0], "scores": [0.8592447638511658, 0.854936420917511, 0.8437070250511169, 0.6868598461151123, 0.6660675406455994, 0.4823853075504303]}