{"bboxes": [[374, 336, 412, 424], [471, 223, 496, 277], [701, 513, 754, 633], [682, 218, 705, 269], [636, 262, 664, 329], [606, 139, 668, 230], [389, 368, 634, 718]], "classes": [0, 0, 0, 0, 0, 2, 2], "scores": [0.8718156814575195, 0.8152192831039429, 0.7749695181846619, 0.7732476592063904, 0.7611549496650696, 0.6979292035102844, 0.5683218836784363]}