{"bboxes": [[374, 336, 412, 424], [471, 223, 496, 277], [701, 513, 754, 633], [682, 218, 705, 269], [636, 262, 664, 329], [606, 139, 668, 230], [390, 374, 636, 718]], "classes": [0, 0, 0, 0, 0, 2, 3], "scores": [0.8719057440757751, 0.8146277666091919, 0.7739762663841248, 0.7737773060798645, 0.7612317800521851, 0.6993324160575867, 0.5823058485984802]}