{"bboxes": [[668, 367, 705, 457], [218, 514, 279, 643], [618, 451, 669, 564], [411, 283, 442, 355], [613, 127, 666, 203], [689, 303, 720, 372], [511, 254, 641, 446], [664, 505, 720, 632], [646, 212, 667, 259], [502, 202, 523, 248], [680, 186, 700, 228]], "classes": [0, 0, 0, 0, 2, 0, 3, 0, 0, 0, 0], "scores": [0.9035567045211792, 0.8954958319664001, 0.8647998571395874, 0.8631529211997986, 0.8452539443969727, 0.8438926935195923, 0.8364937901496887, 0.7579063773155212, 0.7425882816314697, 0.6330381035804749, 0.3340345621109009]}