{"bboxes": [[333, 378, 377, 480], [692, 409, 734, 507], [450, 240, 480, 300], [607, 135, 666, 218], [638, 240, 664, 298], [659, 513, 714, 649], [443, 315, 631, 606], [680, 205, 702, 252]], "classes": [0, 0, 0, 2, 0, 0, 3, 0], "scores": [0.8910037875175476, 0.804047167301178, 0.7813378572463989, 0.765531599521637, 0.7106689214706421, 0.6972021460533142, 0.6815927624702454, 0.6396803259849548]}