{"bboxes": [[333, 379, 377, 481], [692, 409, 734, 507], [450, 240, 480, 300], [607, 135, 666, 219], [638, 240, 664, 298], [659, 513, 714, 649], [443, 315, 631, 606], [680, 205, 701, 252]], "classes": [0, 0, 0, 2, 0, 0, 3, 0], "scores": [0.8902604579925537, 0.8043135404586792, 0.7815964818000793, 0.7580820322036743, 0.7170228362083435, 0.6986607909202576, 0.6811932921409607, 0.6367647647857666]}