{"bboxes": [[661, 574, 722, 715], [356, 358, 396, 451], [699, 447, 748, 555], [463, 231, 488, 289], [642, 248, 668, 309], [609, 139, 669, 224], [684, 211, 706, 259], [416, 341, 636, 655]], "classes": [0, 0, 0, 0, 0, 2, 0, 3], "scores": [0.8507652878761292, 0.8255594968795776, 0.8251573443412781, 0.8161641955375671, 0.7769334316253662, 0.7375618815422058, 0.7241746783256531, 0.7175121307373047]}