{"bboxes": [[314, 407, 361, 515], [443, 247, 474, 312], [694, 376, 732, 465], [609, 132, 667, 215], [644, 230, 668, 284], [472, 292, 646, 555], [666, 465, 719, 588], [684, 198, 705, 244], [573, 629, 641, 718], [520, 184, 540, 228]], "classes": [0, 0, 0, 2, 0, 2, 0, 0, 0, 0], "scores": [0.9018363952636719, 0.8768446445465088, 0.8690865635871887, 0.8272555470466614, 0.8190445899963379, 0.7783709764480591, 0.7623917460441589, 0.6310378313064575, 0.40523046255111694, 0.3647242486476898]}