{"bboxes": [[605, 499, 658, 622], [423, 269, 455, 340], [668, 392, 711, 492], [646, 216, 669, 266], [692, 324, 725, 398], [256, 472, 310, 592], [497, 260, 650, 482], [660, 556, 720, 698], [614, 126, 667, 204], [683, 190, 703, 234], [509, 197, 529, 241]], "classes": [0, 0, 0, 0, 0, 0, 2, 0, 2, 0, 0], "scores": [0.9195097088813782, 0.8639904856681824, 0.8617438077926636, 0.8414837718009949, 0.8381853699684143, 0.8262370824813843, 0.7930981516838074, 0.7657312750816345, 0.7613000273704529, 0.3912971615791321, 0.36008092761039734]}