{"bboxes": [[284, 437, 334, 549], [587, 559, 646, 694], [663, 426, 710, 536], [429, 256, 461, 326], [690, 348, 725, 429], [643, 225, 666, 277], [610, 130, 665, 210], [480, 276, 643, 520], [655, 622, 713, 716], [512, 190, 532, 234], [680, 195, 701, 240]], "classes": [0, 0, 0, 0, 0, 0, 2, 2, 0, 0, 0], "scores": [0.9057427644729614, 0.8845182061195374, 0.8737605214118958, 0.8687278628349304, 0.8587968945503235, 0.8370609283447266, 0.6509021520614624, 0.631750226020813, 0.606694757938385, 0.5323991775512695, 0.4526307284832001]}