{"bboxes": [[284, 437, 334, 549], [587, 559, 646, 694], [663, 426, 710, 536], [429, 256, 461, 326], [690, 348, 725, 429], [643, 225, 666, 277], [610, 130, 666, 210], [480, 276, 643, 520], [655, 622, 713, 716], [512, 190, 532, 234], [680, 195, 701, 240]], "classes": [0, 0, 0, 0, 0, 0, 2, 2, 0, 0, 0], "scores": [0.9055875539779663, 0.8847164511680603, 0.8732272982597351, 0.8675376176834106, 0.8589548468589783, 0.837109386920929, 0.6512369513511658, 0.6273046731948853, 0.6061411499977112, 0.5319231152534485, 0.452903687953949]}