{"bboxes": [[175, 564, 243, 702], [398, 297, 432, 372], [670, 341, 704, 423], [687, 285, 715, 346], [630, 415, 672, 512], [521, 231, 645, 421], [666, 462, 715, 575], [617, 125, 668, 198], [647, 205, 668, 249], [497, 206, 518, 254]], "classes": [0, 0, 0, 0, 0, 3, 0, 2, 0, 0], "scores": [0.8963927030563354, 0.8875912427902222, 0.881413996219635, 0.8574342131614685, 0.8503916263580322, 0.7902876138687134, 0.7373016476631165, 0.7051273584365845, 0.6895262598991394, 0.6172096729278564]}