{"bboxes": [[668, 367, 705, 457], [218, 514, 279, 643], [618, 451, 669, 564], [411, 283, 442, 356], [613, 126, 666, 202], [689, 303, 720, 372], [511, 254, 641, 446], [664, 505, 720, 632], [646, 212, 667, 259], [502, 202, 523, 248], [680, 186, 700, 228]], "classes": [0, 0, 0, 0, 2, 0, 3, 0, 0, 0, 0], "scores": [0.9033880829811096, 0.8953392505645752, 0.8641157746315002, 0.8619757890701294, 0.8470815420150757, 0.843468189239502, 0.8373793363571167, 0.7575264573097229, 0.7429091334342957, 0.633143424987793, 0.3388404846191406]}