{"bboxes": [[542, 207, 650, 360], [348, 347, 390, 440], [671, 282, 699, 344], [670, 372, 708, 460], [682, 243, 706, 293], [688, 551, 746, 691], [475, 228, 500, 286], [621, 124, 666, 188], [651, 335, 682, 406], [521, 192, 541, 237], [647, 190, 668, 233]], "classes": [3, 0, 0, 0, 0, 0, 0, 2, 0, 0, 0], "scores": [0.9214801788330078, 0.8778502345085144, 0.8682492971420288, 0.8194340467453003, 0.8134461641311646, 0.7973156571388245, 0.7877568006515503, 0.7838030457496643, 0.665685772895813, 0.37765172123908997, 0.37307775020599365]}