{"bboxes": [[367, 326, 406, 413], [670, 300, 700, 367], [684, 255, 709, 307], [669, 394, 712, 491], [537, 212, 649, 377], [482, 219, 506, 274], [646, 361, 680, 438], [690, 610, 747, 717], [620, 124, 667, 191], [648, 192, 668, 235], [527, 186, 548, 230]], "classes": [0, 0, 0, 0, 3, 0, 0, 0, 2, 0, 0], "scores": [0.8836173415184021, 0.872189998626709, 0.8652737736701965, 0.8596230149269104, 0.8325939774513245, 0.7018631100654602, 0.6830481290817261, 0.675516664981842, 0.6198362112045288, 0.4707455337047577, 0.4319692552089691]}