{"bboxes": [[302, 389, 351, 500], [555, 191, 647, 329], [455, 247, 485, 309], [683, 461, 734, 581], [670, 329, 704, 407], [671, 253, 695, 306], [622, 122, 666, 181], [678, 222, 700, 267], [506, 205, 527, 253], [657, 297, 682, 352]], "classes": [0, 3, 0, 0, 0, 0, 2, 0, 0, 0], "scores": [0.9443702101707458, 0.9142974615097046, 0.8754948377609253, 0.8646327257156372, 0.8613269925117493, 0.7777500152587891, 0.7466714978218079, 0.6378982067108154, 0.6238052248954773, 0.6114543080329895]}