{"bboxes": [[329, 364, 375, 465], [550, 198, 651, 343], [672, 268, 698, 324], [673, 348, 708, 431], [469, 234, 495, 295], [622, 123, 667, 184], [683, 232, 706, 280], [685, 500, 740, 632], [656, 317, 684, 379], [516, 197, 536, 244]], "classes": [0, 3, 0, 0, 0, 2, 0, 0, 0, 0], "scores": [0.9040659070014954, 0.9033674001693726, 0.8274774551391602, 0.81769859790802, 0.805510938167572, 0.7808626294136047, 0.7759605646133423, 0.7741382122039795, 0.6027282476425171, 0.5324153304100037]}