{"bboxes": [[562, 184, 655, 316], [280, 421, 332, 536], [449, 258, 482, 322], [687, 423, 736, 536], [674, 310, 705, 383], [625, 121, 668, 179], [503, 209, 525, 259], [673, 242, 696, 290], [661, 283, 685, 336], [679, 213, 701, 256]], "classes": [3, 0, 0, 0, 0, 2, 0, 0, 0, 0], "scores": [0.9124999046325684, 0.9020077586174011, 0.8687453866004944, 0.8555334210395813, 0.8147689700126648, 0.7459937930107117, 0.7062801718711853, 0.6685997247695923, 0.4244133532047272, 0.4075741469860077]}