{"bboxes": [[198, 501, 264, 643], [576, 171, 658, 289], [486, 225, 510, 280], [425, 281, 457, 356], [674, 275, 702, 340], [686, 364, 723, 454], [628, 116, 670, 173], [672, 218, 695, 264]], "classes": [0, 3, 0, 0, 0, 0, 2, 0], "scores": [0.9358084797859192, 0.9106716513633728, 0.8471514582633972, 0.841507077217102, 0.8405749797821045, 0.7925037741661072, 0.6575536727905273, 0.4020388424396515]}