{"bboxes": [[302, 389, 351, 500], [555, 191, 647, 329], [455, 247, 485, 309], [683, 461, 734, 581], [670, 329, 704, 407], [671, 253, 695, 305], [622, 122, 666, 181], [678, 222, 700, 267], [506, 205, 527, 253], [657, 297, 682, 352]], "classes": [0, 3, 0, 0, 0, 0, 2, 0, 0, 0], "scores": [0.9442151784896851, 0.914282500743866, 0.8744441270828247, 0.8647149205207825, 0.8604294657707214, 0.7760700583457947, 0.7471866011619568, 0.6372886300086975, 0.624302864074707, 0.6107404232025146]}