{"bboxes": [[384, 314, 420, 393], [685, 270, 712, 326], [670, 319, 703, 395], [530, 222, 647, 397], [666, 424, 713, 531], [639, 387, 676, 473], [618, 124, 666, 195], [647, 199, 668, 243], [490, 212, 512, 263]], "classes": [0, 0, 0, 3, 0, 0, 2, 0, 0], "scores": [0.8872198462486267, 0.8720559477806091, 0.8697966933250427, 0.8637468218803406, 0.7930117249488831, 0.7903100252151489, 0.6789960861206055, 0.6774792671203613, 0.6024322509765625]}