{"bboxes": [[542, 207, 650, 360], [348, 347, 390, 440], [671, 283, 699, 345], [670, 372, 708, 460], [682, 243, 706, 293], [688, 551, 746, 691], [475, 228, 500, 286], [621, 124, 666, 188], [651, 335, 682, 406], [521, 192, 541, 237], [647, 190, 668, 233]], "classes": [3, 0, 0, 0, 0, 0, 0, 2, 0, 0, 0], "scores": [0.9213276505470276, 0.8785567879676819, 0.8684735894203186, 0.8196095824241638, 0.8136127591133118, 0.798693060874939, 0.7885502576828003, 0.784190833568573, 0.6683495044708252, 0.3787471354007721, 0.3744505047798157]}