{"bboxes": [[384, 314, 420, 393], [685, 270, 712, 326], [670, 319, 703, 395], [530, 222, 647, 397], [666, 424, 713, 531], [639, 387, 676, 473], [618, 124, 666, 195], [647, 199, 668, 243], [490, 212, 512, 263]], "classes": [0, 0, 0, 3, 0, 0, 2, 0, 0], "scores": [0.8872038125991821, 0.8718598484992981, 0.8696361184120178, 0.8632932901382446, 0.7915195226669312, 0.7904220819473267, 0.6786503791809082, 0.6775845885276794, 0.6033689379692078]}