{"bboxes": [[200, 501, 265, 643], [576, 171, 658, 289], [486, 225, 510, 280], [425, 281, 457, 356], [674, 275, 702, 340], [686, 364, 723, 454], [628, 116, 670, 173], [672, 218, 695, 264]], "classes": [0, 3, 0, 0, 0, 0, 2, 0], "scores": [0.9358458518981934, 0.9105889797210693, 0.846615195274353, 0.8416086435317993, 0.8401049375534058, 0.7929787039756775, 0.6620833277702332, 0.40241995453834534]}