{"bboxes": [[488, 503, 546, 636], [609, 489, 666, 618], [441, 271, 472, 340], [530, 386, 574, 481], [590, 152, 657, 248], [351, 368, 392, 465], [673, 229, 696, 281], [685, 283, 715, 353], [632, 113, 669, 154]], "classes": [0, 0, 0, 0, 3, 0, 0, 0, 3], "scores": [0.942459762096405, 0.8997999429702759, 0.8760735392570496, 0.8715925216674805, 0.8649745583534241, 0.8592550754547119, 0.820440411567688, 0.7971864938735962, 0.46220237016677856]}