{"bboxes": [[511, 423, 562, 530], [457, 577, 523, 716], [449, 260, 481, 325], [671, 237, 695, 292], [597, 539, 657, 677], [367, 343, 406, 434], [585, 157, 658, 257], [682, 297, 714, 373], [629, 115, 668, 159]], "classes": [0, 0, 0, 0, 0, 0, 3, 0, 2], "scores": [0.9231758117675781, 0.9055197238922119, 0.8920685052871704, 0.8834696412086487, 0.8834160566329956, 0.882137656211853, 0.862821102142334, 0.8155511021614075, 0.44574174284935]}