{"bboxes": [[147, 549, 223, 708], [457, 570, 521, 707], [577, 169, 656, 280], [408, 300, 442, 377], [475, 235, 501, 293], [671, 262, 697, 325], [683, 344, 719, 429], [625, 117, 667, 172]], "classes": [0, 0, 3, 0, 0, 0, 0, 2], "scores": [0.9542895555496216, 0.9291561841964722, 0.8997315168380737, 0.8705968260765076, 0.869664192199707, 0.8587251901626587, 0.8203291296958923, 0.5517431497573853]}