{"bboxes": [[500, 448, 553, 567], [608, 449, 662, 569], [591, 152, 654, 242], [320, 392, 366, 500], [425, 285, 457, 359], [538, 357, 577, 440], [682, 270, 710, 336], [670, 222, 692, 272], [630, 115, 665, 155]], "classes": [0, 0, 3, 0, 0, 0, 0, 0, 3], "scores": [0.9430112838745117, 0.9087472558021545, 0.9042854905128479, 0.9034947156906128, 0.8783154487609863, 0.8660356998443604, 0.8285401463508606, 0.7377071380615234, 0.3920170068740845]}