{"bboxes": [[388, 323, 424, 409], [590, 594, 656, 718], [494, 472, 549, 587], [585, 160, 660, 265], [462, 248, 490, 309], [673, 248, 697, 305], [684, 315, 718, 394], [628, 114, 670, 165]], "classes": [0, 0, 0, 3, 0, 0, 0, 2], "scores": [0.9098075032234192, 0.9012736678123474, 0.8983525633811951, 0.8778199553489685, 0.8556790947914124, 0.8470935225486755, 0.834563136100769, 0.5816358327865601]}