{"bboxes": [[300, 426, 350, 545], [620, 413, 669, 522], [524, 403, 571, 507], [416, 303, 449, 378], [553, 330, 590, 406], [597, 151, 659, 236], [687, 258, 714, 321], [716, 578, 781, 715], [673, 213, 694, 260], [632, 112, 668, 152]], "classes": [0, 0, 0, 0, 0, 3, 0, 0, 0, 2], "scores": [0.9471726417541504, 0.9350538849830627, 0.9149660468101501, 0.9106464982032776, 0.8903079628944397, 0.8892129063606262, 0.8539724349975586, 0.8007087707519531, 0.6669281721115112, 0.4758583605289459]}