{"bboxes": [[300, 426, 350, 545], [620, 413, 669, 522], [524, 403, 571, 507], [416, 303, 449, 378], [553, 330, 590, 406], [597, 151, 659, 236], [687, 258, 714, 321], [716, 578, 781, 715], [673, 213, 694, 260], [632, 112, 668, 152]], "classes": [0, 0, 0, 0, 0, 3, 0, 0, 0, 2], "scores": [0.9464356899261475, 0.9351038336753845, 0.9151180386543274, 0.9111936092376709, 0.8908129334449768, 0.889556348323822, 0.8529523611068726, 0.8008281588554382, 0.6672465801239014, 0.4763093590736389]}