{"bboxes": [[389, 323, 425, 409], [590, 594, 656, 718], [494, 472, 549, 587], [585, 160, 660, 265], [462, 248, 490, 309], [673, 248, 697, 305], [684, 315, 718, 394], [628, 114, 670, 165]], "classes": [0, 0, 0, 3, 0, 0, 0, 2], "scores": [0.9090279340744019, 0.9021406173706055, 0.898110032081604, 0.8782589435577393, 0.8572959899902344, 0.8468365669250488, 0.8335282802581787, 0.5855366587638855]}