{"bboxes": [[488, 503, 546, 636], [609, 489, 666, 618], [441, 271, 472, 340], [530, 386, 574, 481], [590, 152, 657, 248], [351, 368, 392, 465], [673, 229, 696, 281], [685, 283, 715, 353], [632, 113, 669, 154]], "classes": [0, 0, 0, 0, 3, 0, 0, 0, 3], "scores": [0.9428640007972717, 0.9004715085029602, 0.8761360049247742, 0.8719395995140076, 0.865113377571106, 0.8589493036270142, 0.8206753134727478, 0.7976303100585938, 0.46264219284057617]}