{"bboxes": [[604, 139, 660, 216], [340, 384, 385, 489], [635, 324, 671, 404], [564, 292, 595, 364], [703, 456, 757, 578], [582, 258, 609, 313], [685, 226, 707, 276], [637, 113, 671, 149]], "classes": [3, 0, 0, 0, 0, 0, 0, 2], "scores": [0.9025418162345886, 0.9019046425819397, 0.8512893915176392, 0.8450860381126404, 0.8029378652572632, 0.7965599894523621, 0.7539575099945068, 0.38253405690193176]}