{"bboxes": [[609, 135, 661, 208], [282, 452, 335, 576], [577, 260, 604, 322], [700, 415, 750, 522], [641, 290, 671, 363], [685, 211, 706, 259], [596, 235, 618, 280]], "classes": [3, 0, 0, 0, 0, 0, 0], "scores": [0.921268880367279, 0.9017936587333679, 0.8667632937431335, 0.8456903696060181, 0.8114967346191406, 0.6649805307388306, 0.5159879326820374]}