{"bboxes": [[242, 506, 300, 636], [608, 133, 658, 206], [579, 247, 604, 305], [639, 281, 667, 347], [695, 399, 741, 499], [680, 205, 701, 253], [598, 226, 619, 271]], "classes": [0, 3, 0, 0, 0, 0, 0], "scores": [0.9249396324157715, 0.9044238328933716, 0.8265613913536072, 0.768456220626831, 0.7215963006019592, 0.5676034688949585, 0.44217705726623535]}