{"bboxes": [[221, 507, 284, 654], [600, 143, 658, 223], [548, 339, 584, 424], [382, 339, 419, 426], [708, 512, 764, 646], [570, 288, 600, 353], [630, 364, 670, 457], [686, 240, 710, 297], [636, 112, 672, 152], [670, 200, 691, 245]], "classes": [0, 3, 0, 0, 0, 0, 0, 0, 2, 0], "scores": [0.9329729676246643, 0.9107838273048401, 0.8918271064758301, 0.8641998171806335, 0.8469151258468628, 0.8313683271408081, 0.817450225353241, 0.7923063039779663, 0.49167823791503906, 0.41169828176498413]}