{"bboxes": [[312, 419, 362, 533], [604, 137, 659, 212], [701, 435, 752, 553], [638, 307, 670, 383], [570, 275, 599, 341], [588, 247, 613, 297], [684, 218, 706, 268], [634, 113, 666, 147]], "classes": [0, 3, 0, 0, 0, 0, 0, 2], "scores": [0.9396847486495972, 0.9189151525497437, 0.8474392294883728, 0.8356207609176636, 0.8082348704338074, 0.7565503716468811, 0.73046875, 0.36314883828163147]}