{"bboxes": [[221, 507, 284, 654], [600, 143, 658, 223], [548, 339, 584, 424], [382, 339, 419, 426], [708, 512, 764, 646], [570, 288, 600, 353], [630, 364, 670, 457], [686, 240, 710, 297], [636, 112, 672, 152], [670, 200, 691, 244]], "classes": [0, 3, 0, 0, 0, 0, 0, 0, 2, 0], "scores": [0.9324097633361816, 0.9109168648719788, 0.8919249176979065, 0.8643079996109009, 0.8470714688301086, 0.831956148147583, 0.817382276058197, 0.7931039929389954, 0.49184608459472656, 0.41042011976242065]}