{"bboxes": [[604, 139, 660, 216], [340, 384, 385, 489], [635, 324, 671, 404], [564, 292, 595, 364], [703, 456, 757, 578], [582, 258, 609, 313], [685, 226, 707, 276], [637, 113, 671, 149]], "classes": [3, 0, 0, 0, 0, 0, 0, 2], "scores": [0.9035337567329407, 0.9023908972740173, 0.8517904877662659, 0.8448092937469482, 0.8030117154121399, 0.7966694235801697, 0.7540530562400818, 0.3843156099319458]}