{"bboxes": [[597, 147, 656, 231], [621, 386, 666, 488], [533, 369, 574, 461], [559, 309, 593, 379], [258, 463, 313, 594], [684, 249, 709, 307], [396, 322, 432, 403], [710, 544, 770, 684], [631, 112, 666, 151], [669, 208, 690, 253]], "classes": [3, 0, 0, 0, 0, 0, 0, 0, 2, 0], "scores": [0.9060818552970886, 0.8965812921524048, 0.8903293013572693, 0.8745754957199097, 0.8648935556411743, 0.8581320643424988, 0.8513929843902588, 0.7808820009231567, 0.42636558413505554, 0.37151217460632324]}