{"bboxes": [[609, 135, 661, 208], [282, 452, 335, 576], [577, 260, 604, 322], [700, 415, 750, 522], [641, 290, 671, 363], [685, 211, 707, 259], [596, 235, 618, 280]], "classes": [3, 0, 0, 0, 0, 0, 0], "scores": [0.9209685325622559, 0.9023970365524292, 0.8669223189353943, 0.8462576270103455, 0.8116281628608704, 0.6644265055656433, 0.5179849863052368]}