{"bboxes": [[169, 572, 240, 717], [599, 141, 657, 220], [632, 343, 671, 428], [362, 363, 403, 457], [555, 314, 589, 392], [705, 483, 758, 611], [684, 232, 707, 284], [574, 273, 603, 333], [634, 113, 667, 149]], "classes": [0, 3, 0, 0, 0, 0, 0, 0, 2], "scores": [0.9578108787536621, 0.8982939720153809, 0.8644517064094543, 0.849859356880188, 0.8458171486854553, 0.8398738503456116, 0.8089858293533325, 0.7940765023231506, 0.43400102853775024]}