{"bboxes": [[689, 301, 722, 378], [485, 372, 603, 506], [486, 211, 510, 261], [622, 122, 661, 179], [639, 215, 662, 263]], "classes": [0, 1, 0, 3, 0], "scores": [0.8623124361038208, 0.8076602220535278, 0.7830438613891602, 0.7530967593193054, 0.6281672120094299]}