{"bboxes": [[197, 554, 268, 704], [611, 131, 661, 199], [644, 269, 671, 330], [587, 236, 611, 291], [699, 380, 742, 479], [606, 213, 627, 260], [682, 198, 703, 244]], "classes": [0, 3, 0, 0, 0, 0, 0], "scores": [0.9630523920059204, 0.9006103277206421, 0.868969738483429, 0.8265535235404968, 0.7733631134033203, 0.5551047325134277, 0.4317755103111267]}