{"bboxes": [[693, 334, 728, 420], [418, 482, 584, 677], [618, 126, 663, 188], [642, 234, 666, 288], [596, 205, 617, 253]], "classes": [0, 1, 3, 0, 0], "scores": [0.8910155892372131, 0.8776264190673828, 0.8505176305770874, 0.8350268602371216, 0.6466962695121765]}