{"bboxes": [[380, 528, 569, 718], [693, 345, 730, 434], [614, 126, 662, 191], [642, 243, 667, 299], [592, 213, 614, 261], [509, 190, 529, 234]], "classes": [1, 0, 3, 0, 0, 0], "scores": [0.8978419303894043, 0.8542261719703674, 0.8510394096374512, 0.8415606021881104, 0.705109715461731, 0.41435906291007996]}