{"bboxes": [[381, 528, 570, 718], [693, 345, 730, 434], [614, 126, 662, 191], [642, 243, 666, 299], [592, 213, 614, 261], [509, 190, 529, 234]], "classes": [1, 0, 3, 0, 0, 0], "scores": [0.8965168595314026, 0.8534515500068665, 0.8508853316307068, 0.84096759557724, 0.7030655145645142, 0.41258665919303894]}