{"bboxes": [[610, 130, 660, 197], [693, 367, 732, 463], [640, 257, 666, 317], [586, 226, 609, 278], [131, 621, 214, 718], [357, 614, 552, 716], [605, 207, 626, 253], [515, 184, 535, 228], [677, 195, 698, 240]], "classes": [3, 0, 0, 0, 0, 1, 0, 0, 0], "scores": [0.8250858187675476, 0.7952414751052856, 0.7574868202209473, 0.7187899351119995, 0.6146921515464783, 0.49196791648864746, 0.46600446105003357, 0.4354792535305023, 0.36146268248558044]}