{"bboxes": [[197, 554, 268, 704], [611, 131, 661, 199], [644, 269, 671, 330], [587, 236, 611, 291], [699, 380, 742, 479], [606, 213, 627, 260], [682, 198, 703, 244]], "classes": [0, 3, 0, 0, 0, 0, 0], "scores": [0.9633856415748596, 0.9006257057189941, 0.8694198727607727, 0.8255667090415955, 0.7751315236091614, 0.5549021363258362, 0.4312480092048645]}