{"bboxes": [[691, 323, 726, 405], [443, 438, 588, 607], [618, 125, 660, 184], [639, 227, 662, 279], [498, 202, 520, 248], [597, 198, 617, 244]], "classes": [0, 1, 3, 0, 0, 0], "scores": [0.8553894758224487, 0.8300304412841797, 0.7772013545036316, 0.7660315632820129, 0.6288402080535889, 0.5097231268882751]}