{"bboxes": [[691, 323, 726, 405], [443, 438, 588, 607], [618, 125, 660, 184], [639, 227, 662, 279], [498, 202, 520, 248], [597, 198, 617, 244]], "classes": [0, 1, 3, 0, 0, 0], "scores": [0.8550489544868469, 0.8299598693847656, 0.777635395526886, 0.7658471465110779, 0.630165696144104, 0.5093034505844116]}