{"bboxes": [[691, 312, 725, 391], [466, 404, 594, 549], [621, 124, 662, 182], [640, 221, 663, 271], [494, 205, 516, 254], [601, 192, 621, 236]], "classes": [0, 1, 3, 0, 0, 0], "scores": [0.8717484474182129, 0.805428683757782, 0.7979691624641418, 0.662722647190094, 0.6168455481529236, 0.30578094720840454]}