{"bboxes": [[434, 256, 464, 322], [612, 325, 645, 404], [685, 251, 711, 314], [628, 426, 676, 535], [546, 262, 622, 342], [530, 614, 603, 718], [630, 112, 664, 162]], "classes": [0, 0, 0, 0, 1, 0, 3], "scores": [0.8445224165916443, 0.841394305229187, 0.8339023590087891, 0.820507824420929, 0.8003771305084229, 0.562545120716095, 0.4743831753730774]}