{"bboxes": [[609, 583, 671, 716], [577, 430, 626, 541], [464, 234, 488, 290], [686, 272, 716, 341], [524, 305, 616, 401], [627, 116, 663, 171]], "classes": [0, 0, 0, 0, 1, 3], "scores": [0.9305541515350342, 0.8738343715667725, 0.8362966179847717, 0.8264259099960327, 0.7812578678131104, 0.545960545539856]}