{"bboxes": [[564, 486, 619, 611], [513, 321, 614, 426], [688, 279, 719, 353], [472, 225, 497, 279], [626, 117, 664, 173], [640, 199, 660, 246]], "classes": [0, 1, 0, 0, 3, 0], "scores": [0.8689828515052795, 0.8294164538383484, 0.8039478659629822, 0.7863381505012512, 0.6160977482795715, 0.34574541449546814]}