{"bboxes": [[689, 301, 722, 378], [485, 372, 603, 506], [486, 211, 510, 261], [622, 122, 661, 179], [639, 215, 662, 263]], "classes": [0, 1, 0, 3, 0], "scores": [0.8621828556060791, 0.8094252347946167, 0.7830826044082642, 0.7534891366958618, 0.6305158138275146]}