{"bboxes": [[625, 468, 676, 588], [443, 249, 475, 310], [686, 258, 713, 323], [604, 354, 641, 441], [540, 273, 619, 362], [630, 113, 665, 164]], "classes": [0, 0, 0, 0, 1, 3], "scores": [0.9091329574584961, 0.8501302003860474, 0.8152421712875366, 0.8097540140151978, 0.7767075896263123, 0.5518490672111511]}