{"bboxes": [[538, 557, 599, 703], [687, 288, 719, 364], [498, 341, 608, 461], [478, 218, 501, 270], [623, 118, 662, 175], [640, 207, 660, 253]], "classes": [0, 0, 1, 0, 3, 0], "scores": [0.8518689870834351, 0.839195191860199, 0.8379227519035339, 0.8055565357208252, 0.6640159487724304, 0.446525514125824]}