{"bboxes": [[616, 520, 674, 651], [592, 387, 635, 484], [454, 241, 482, 299], [686, 264, 714, 331], [532, 286, 618, 379], [628, 113, 663, 166]], "classes": [0, 0, 0, 0, 1, 3], "scores": [0.9119031429290771, 0.8469279408454895, 0.8298913240432739, 0.824015736579895, 0.7177295088768005, 0.5207048654556274]}