{"bboxes": [[616, 520, 674, 651], [592, 387, 635, 484], [454, 241, 482, 299], [686, 264, 714, 331], [532, 286, 618, 379], [628, 113, 663, 166]], "classes": [0, 0, 0, 0, 1, 3], "scores": [0.9119576811790466, 0.8457250595092773, 0.8312147855758667, 0.8192354440689087, 0.7165470719337463, 0.5165593028068542]}