{"bboxes": [[434, 256, 464, 322], [612, 325, 645, 404], [685, 251, 711, 314], [628, 426, 676, 535], [546, 262, 622, 342], [530, 614, 603, 718], [630, 112, 664, 162]], "classes": [0, 0, 0, 0, 1, 0, 3], "scores": [0.8443876504898071, 0.8416942954063416, 0.8344056010246277, 0.8203619122505188, 0.8003535270690918, 0.5638972520828247, 0.4742211401462555]}