{"bboxes": [[564, 486, 619, 611], [513, 321, 614, 426], [688, 279, 719, 353], [472, 225, 497, 279], [626, 117, 664, 173], [640, 199, 660, 246]], "classes": [0, 1, 0, 0, 3, 0], "scores": [0.8687045574188232, 0.8294562697410583, 0.803571343421936, 0.7843658924102783, 0.6169557571411133, 0.34487950801849365]}