{"bboxes": [[581, 399, 628, 500], [643, 318, 677, 396], [385, 313, 419, 392], [570, 219, 633, 288], [560, 594, 624, 717], [683, 228, 707, 283], [637, 240, 663, 298], [523, 214, 547, 268], [631, 110, 664, 156]], "classes": [0, 0, 0, 1, 0, 0, 0, 0, 3], "scores": [0.9413356184959412, 0.891261637210846, 0.8784375786781311, 0.8673274517059326, 0.8617426753044128, 0.8127514123916626, 0.805098295211792, 0.6616212129592896, 0.4488791227340698]}