{"bboxes": [[596, 344, 633, 429], [579, 207, 634, 269], [352, 345, 392, 434], [579, 473, 635, 601], [645, 285, 674, 352], [646, 217, 670, 269], [684, 223, 706, 272], [504, 232, 530, 292], [634, 109, 666, 153]], "classes": [0, 1, 0, 0, 0, 0, 0, 0, 3], "scores": [0.8974508047103882, 0.882872998714447, 0.876554012298584, 0.8760970234870911, 0.8748620748519897, 0.8444570302963257, 0.677847683429718, 0.6438077688217163, 0.42407578229904175]}