{"bboxes": [[546, 549, 614, 690], [634, 395, 678, 495], [426, 270, 457, 337], [619, 299, 651, 371], [552, 252, 624, 329], [685, 246, 710, 306], [630, 112, 663, 160]], "classes": [0, 0, 0, 0, 1, 0, 3], "scores": [0.9380844235420227, 0.8930307030677795, 0.8624028563499451, 0.8622881174087524, 0.8186784386634827, 0.7801890969276428, 0.4808281660079956]}