{"bboxes": [[558, 489, 618, 616], [413, 279, 445, 351], [557, 241, 626, 314], [638, 369, 676, 457], [624, 277, 653, 344], [684, 239, 709, 298], [630, 111, 663, 159], [540, 199, 561, 245]], "classes": [0, 0, 1, 0, 0, 0, 3, 0], "scores": [0.903749942779541, 0.8834006190299988, 0.8667556643486023, 0.8453570604324341, 0.837147057056427, 0.771186888217926, 0.4446643888950348, 0.42936548590660095]}