{"bboxes": [[645, 268, 672, 329], [604, 317, 638, 395], [592, 420, 642, 532], [583, 200, 637, 258], [324, 370, 367, 468], [673, 610, 742, 718], [649, 204, 671, 253], [492, 252, 519, 312], [683, 217, 705, 265], [634, 108, 666, 153]], "classes": [0, 0, 0, 1, 0, 0, 0, 0, 0, 3], "scores": [0.9030280113220215, 0.8947983980178833, 0.8808035850524902, 0.8588545918464661, 0.8446480631828308, 0.7375084161758423, 0.7014524340629578, 0.6573013067245483, 0.6003714799880981, 0.40446028113365173]}