{"bboxes": [[573, 212, 633, 278], [641, 301, 673, 374], [568, 529, 628, 668], [367, 325, 405, 411], [588, 371, 628, 463], [683, 225, 706, 278], [639, 227, 663, 282], [509, 217, 537, 280], [631, 110, 663, 155]], "classes": [1, 0, 0, 0, 0, 0, 0, 0, 3], "scores": [0.8830759525299072, 0.879016637802124, 0.8639556169509888, 0.8625727295875549, 0.8325949311256409, 0.7657032608985901, 0.7541527152061462, 0.7297879457473755, 0.4413735866546631]}