{"bboxes": [[569, 444, 622, 559], [640, 344, 676, 427], [564, 231, 628, 302], [630, 258, 657, 322], [683, 234, 708, 291], [402, 296, 434, 369], [530, 205, 552, 255], [630, 111, 663, 158]], "classes": [0, 0, 1, 0, 0, 0, 0, 3], "scores": [0.8984648585319519, 0.885706901550293, 0.8772040009498596, 0.8567836284637451, 0.8308753371238708, 0.827332079410553, 0.4837366044521332, 0.45192766189575195]}