{"bboxes": [[596, 344, 633, 429], [579, 207, 634, 269], [352, 345, 392, 434], [579, 473, 635, 601], [645, 285, 674, 352], [646, 217, 670, 269], [684, 223, 706, 272], [504, 232, 530, 292], [634, 109, 666, 153]], "classes": [0, 1, 0, 0, 0, 0, 0, 0, 3], "scores": [0.8969705104827881, 0.8827097415924072, 0.8782153725624084, 0.8756352663040161, 0.8748830556869507, 0.84445720911026, 0.6784098148345947, 0.6443622708320618, 0.4235725998878479]}