{"bboxes": [[581, 399, 628, 500], [643, 318, 677, 396], [385, 313, 419, 392], [570, 219, 633, 288], [560, 594, 624, 717], [683, 228, 707, 283], [637, 240, 663, 298], [523, 214, 547, 268], [631, 110, 664, 156]], "classes": [0, 0, 0, 1, 0, 0, 0, 0, 3], "scores": [0.9405500888824463, 0.8911142349243164, 0.8776156306266785, 0.8670909404754639, 0.8623501658439636, 0.8134711980819702, 0.8058981895446777, 0.6621339917182922, 0.44859346747398376]}