{"bboxes": [[558, 489, 618, 616], [413, 279, 445, 351], [557, 242, 626, 314], [638, 369, 676, 457], [624, 277, 653, 344], [684, 239, 709, 298], [630, 111, 663, 159], [540, 199, 561, 245]], "classes": [0, 0, 1, 0, 0, 0, 3, 0], "scores": [0.9040453433990479, 0.8835721015930176, 0.8668293952941895, 0.8452721238136292, 0.8373002409934998, 0.7720996141433716, 0.44595158100128174, 0.4299966096878052]}