{"bboxes": [[669, 544, 733, 676], [300, 392, 348, 501], [606, 299, 639, 372], [643, 256, 670, 314], [597, 387, 641, 487], [584, 193, 639, 251], [480, 265, 508, 329], [651, 196, 672, 242], [681, 213, 703, 260], [634, 108, 666, 152], [479, 235, 501, 278]], "classes": [0, 0, 0, 0, 0, 1, 0, 0, 0, 3, 0], "scores": [0.9310742020606995, 0.9251142740249634, 0.8966134786605835, 0.8902369141578674, 0.8867409229278564, 0.8596593737602234, 0.8032992482185364, 0.5830683708190918, 0.4023854434490204, 0.37350231409072876, 0.3228047490119934]}