{"bboxes": [[276, 426, 326, 543], [673, 487, 732, 610], [645, 247, 670, 301], [589, 188, 639, 242], [612, 281, 642, 350], [607, 359, 646, 451], [470, 281, 499, 348], [472, 241, 495, 286], [684, 210, 705, 256], [636, 107, 668, 153], [655, 188, 676, 232]], "classes": [0, 0, 0, 1, 0, 0, 0, 0, 0, 3, 0], "scores": [0.9179934859275818, 0.9073336124420166, 0.8868715763092041, 0.8696261048316956, 0.8635304570198059, 0.8633990287780762, 0.7814887166023254, 0.6547687649726868, 0.41258272528648376, 0.37434250116348267, 0.360690176486969]}