{"bboxes": [[568, 487, 630, 615], [672, 358, 714, 447], [427, 281, 459, 355], [620, 237, 643, 287], [618, 282, 648, 352], [599, 173, 641, 222], [404, 356, 443, 451], [121, 593, 194, 718], [643, 215, 665, 262], [684, 196, 704, 241]], "classes": [0, 0, 0, 0, 0, 1, 0, 0, 0, 0], "scores": [0.946254551410675, 0.9125900268554688, 0.8676610589027405, 0.866992175579071, 0.8393785953521729, 0.8306670784950256, 0.8027578592300415, 0.7647126317024231, 0.5640086531639099, 0.3112104833126068]}