{"bboxes": [[579, 437, 633, 550], [673, 335, 712, 418], [413, 301, 447, 376], [384, 384, 427, 490], [603, 169, 644, 215], [623, 268, 651, 333], [624, 228, 645, 275], [645, 207, 666, 252], [515, 191, 535, 235], [685, 192, 705, 236]], "classes": [0, 0, 0, 0, 1, 0, 0, 0, 0, 0], "scores": [0.9454001188278198, 0.9076135158538818, 0.8671085238456726, 0.8575854897499084, 0.8046747446060181, 0.7513454556465149, 0.6606274843215942, 0.5172342658042908, 0.4726148247718811, 0.4702224135398865]}