{"bboxes": [[583, 398, 631, 499], [353, 421, 403, 538], [669, 317, 706, 394], [622, 257, 649, 319], [393, 318, 430, 402], [602, 167, 641, 212], [622, 221, 642, 266], [508, 197, 528, 241], [542, 183, 562, 227], [641, 200, 661, 243], [681, 190, 701, 234]], "classes": [0, 0, 0, 0, 0, 1, 0, 0, 0, 0, 0], "scores": [0.9312735795974731, 0.9289327263832092, 0.8728116750717163, 0.8656236529350281, 0.8442788124084473, 0.8155733346939087, 0.6036052107810974, 0.4638091027736664, 0.458797425031662, 0.3785690367221832, 0.32779058814048767]}