{"bboxes": [[673, 416, 723, 519], [214, 491, 275, 622], [617, 258, 644, 318], [614, 319, 648, 400], [644, 231, 667, 282], [454, 262, 481, 317], [444, 311, 477, 390], [595, 181, 641, 232], [684, 204, 704, 249], [637, 106, 669, 151]], "classes": [0, 0, 0, 0, 0, 0, 0, 1, 0, 3], "scores": [0.9435294270515442, 0.9304832816123962, 0.9008487462997437, 0.8771635293960571, 0.856450080871582, 0.821032702922821, 0.7979996800422668, 0.7660209536552429, 0.4029208719730377, 0.37041938304901123]}