{"bboxes": [[669, 545, 733, 677], [300, 392, 348, 501], [606, 299, 639, 372], [643, 256, 670, 314], [597, 387, 641, 487], [584, 193, 639, 251], [480, 265, 508, 329], [651, 196, 672, 242], [681, 213, 703, 260], [634, 108, 666, 152], [479, 235, 501, 278]], "classes": [0, 0, 0, 0, 0, 1, 0, 0, 0, 3, 0], "scores": [0.9307458996772766, 0.9255899786949158, 0.8968656063079834, 0.8892903327941895, 0.8857018351554871, 0.8592411279678345, 0.80250084400177, 0.5834320783615112, 0.4036772847175598, 0.3741039037704468, 0.3217889666557312]}