{"bboxes": [[560, 552, 627, 693], [170, 537, 237, 674], [673, 385, 720, 483], [440, 269, 470, 335], [619, 247, 643, 302], [616, 299, 649, 374], [598, 174, 642, 226], [644, 223, 666, 272], [427, 333, 461, 419], [684, 198, 704, 243], [638, 106, 669, 150], [522, 183, 541, 226]], "classes": [0, 0, 0, 0, 0, 0, 1, 0, 0, 0, 3, 0], "scores": [0.9551230669021606, 0.9496515393257141, 0.9338972568511963, 0.8723487257957458, 0.8633479475975037, 0.8559184670448303, 0.7979379296302795, 0.7969008088111877, 0.7333457469940186, 0.4526211619377136, 0.3451857268810272, 0.3008316457271576]}