{"bboxes": [[568, 488, 630, 616], [672, 358, 714, 447], [427, 281, 459, 355], [620, 237, 643, 287], [618, 282, 648, 352], [599, 173, 641, 222], [404, 356, 443, 451], [119, 594, 192, 718], [643, 215, 665, 263], [684, 196, 704, 241]], "classes": [0, 0, 0, 0, 0, 1, 0, 0, 0, 0], "scores": [0.946502685546875, 0.9126657843589783, 0.869206428527832, 0.8673820495605469, 0.8397652506828308, 0.8305668234825134, 0.7989133596420288, 0.7720549702644348, 0.5666968822479248, 0.3139820098876953]}