{"bboxes": [[673, 416, 723, 519], [213, 491, 274, 622], [617, 258, 644, 318], [614, 319, 648, 400], [644, 231, 667, 282], [454, 262, 481, 317], [444, 311, 477, 390], [595, 181, 641, 231], [684, 204, 704, 249], [637, 106, 669, 151]], "classes": [0, 0, 0, 0, 0, 0, 0, 1, 0, 3], "scores": [0.9433614015579224, 0.9304801821708679, 0.9013433456420898, 0.8770650625228882, 0.8565946817398071, 0.8230695724487305, 0.7987555861473083, 0.7686108350753784, 0.4046168029308319, 0.3724210560321808]}