{"bboxes": [[519, 529, 581, 665], [308, 411, 358, 528], [605, 296, 638, 370], [668, 258, 696, 321], [526, 203, 549, 254], [631, 218, 653, 269], [491, 217, 512, 266], [610, 157, 646, 196]], "classes": [0, 0, 0, 0, 0, 0, 0, 1], "scores": [0.8931422233581543, 0.8641217350959778, 0.8475168347358704, 0.8297043442726135, 0.7554659843444824, 0.7063959836959839, 0.6856857538223267, 0.6797159314155579]}