{"bboxes": [[547, 421, 596, 532], [242, 483, 301, 630], [669, 237, 694, 293], [612, 263, 640, 327], [479, 230, 502, 281], [515, 217, 539, 271], [634, 204, 655, 253], [613, 152, 646, 189]], "classes": [0, 0, 0, 0, 0, 0, 0, 1], "scores": [0.8914495706558228, 0.8789836168289185, 0.8593556880950928, 0.8374797701835632, 0.7941721677780151, 0.7278434038162231, 0.7068828344345093, 0.6462466716766357]}