{"bboxes": [[519, 529, 581, 665], [308, 411, 358, 528], [605, 296, 638, 370], [668, 257, 696, 320], [526, 203, 549, 254], [631, 218, 653, 269], [491, 217, 512, 266], [609, 157, 644, 196]], "classes": [0, 0, 0, 0, 0, 0, 0, 1], "scores": [0.8923150897026062, 0.8636240363121033, 0.8477661609649658, 0.828530490398407, 0.757134199142456, 0.7063890695571899, 0.6851025819778442, 0.6806972622871399]}