{"bboxes": [[325, 465, 379, 595], [594, 364, 637, 458], [672, 298, 706, 371], [608, 163, 645, 206], [379, 334, 418, 425], [629, 244, 654, 302], [541, 187, 563, 232], [507, 200, 528, 246], [640, 105, 671, 144], [646, 196, 667, 240]], "classes": [0, 0, 0, 1, 0, 0, 0, 0, 3, 0], "scores": [0.884768545627594, 0.8441176414489746, 0.8413506746292114, 0.8225340843200684, 0.814911425113678, 0.8131431937217712, 0.4963296353816986, 0.45100483298301697, 0.3174560070037842, 0.31043824553489685]}