{"bboxes": [[547, 421, 596, 532], [242, 483, 301, 630], [669, 237, 694, 293], [612, 263, 640, 327], [479, 230, 502, 281], [515, 217, 539, 271], [634, 204, 655, 252], [613, 152, 646, 189]], "classes": [0, 0, 0, 0, 0, 0, 0, 1], "scores": [0.8912147879600525, 0.8787952065467834, 0.8597328066825867, 0.8383161425590515, 0.7939175963401794, 0.7281721234321594, 0.707105278968811, 0.6452541351318359]}