{"bboxes": [[229, 586, 299, 718], [501, 605, 566, 717], [671, 269, 700, 333], [605, 317, 640, 396], [338, 382, 382, 486], [610, 159, 646, 199], [632, 225, 655, 278], [499, 211, 520, 258], [533, 197, 554, 246], [641, 104, 672, 142]], "classes": [0, 0, 0, 0, 0, 1, 0, 0, 0, 3], "scores": [0.9581619501113892, 0.8826629519462585, 0.8689146637916565, 0.8687369227409363, 0.8285394310951233, 0.8171667456626892, 0.7147737741470337, 0.6985779404640198, 0.6134253740310669, 0.34507063031196594]}