{"bboxes": [[277, 519, 339, 666], [669, 282, 701, 352], [596, 339, 633, 424], [356, 355, 398, 453], [606, 161, 643, 203], [628, 235, 652, 290], [500, 206, 521, 253], [535, 194, 557, 240]], "classes": [0, 0, 0, 0, 1, 0, 0, 0], "scores": [0.8919214010238647, 0.8489750027656555, 0.8470331430435181, 0.846489429473877, 0.7907472252845764, 0.7837768793106079, 0.6749842762947083, 0.4569730758666992]}