{"bboxes": [[277, 519, 339, 665], [669, 282, 701, 352], [596, 339, 633, 424], [356, 355, 398, 453], [606, 161, 643, 203], [628, 235, 652, 291], [500, 206, 521, 253], [535, 194, 557, 240]], "classes": [0, 0, 0, 0, 1, 0, 0, 0], "scores": [0.8898849487304688, 0.8491634726524353, 0.8468904495239258, 0.8459736704826355, 0.7890720367431641, 0.7832168340682983, 0.6703566908836365, 0.45713692903518677]}