{"bboxes": [[583, 398, 631, 499], [353, 421, 403, 538], [669, 317, 706, 394], [622, 257, 649, 319], [393, 318, 430, 402], [602, 167, 641, 212], [622, 221, 642, 266], [508, 197, 528, 241], [542, 183, 562, 227], [641, 200, 661, 243], [681, 190, 701, 234]], "classes": [0, 0, 0, 0, 0, 1, 0, 0, 0, 0, 0], "scores": [0.9309731721878052, 0.9278438091278076, 0.8736899495124817, 0.8654477000236511, 0.8438198566436768, 0.8159781694412231, 0.604252278804779, 0.4625609219074249, 0.4608311057090759, 0.37769079208374023, 0.328016996383667]}