{"bboxes": [[537, 468, 591, 590], [278, 442, 332, 571], [670, 247, 696, 306], [610, 278, 640, 347], [486, 219, 508, 270], [523, 207, 547, 261], [613, 156, 646, 191], [634, 210, 656, 260]], "classes": [0, 0, 0, 0, 0, 0, 1, 0], "scores": [0.9195366501808167, 0.8908177614212036, 0.8763933777809143, 0.8109918236732483, 0.8029130697250366, 0.7709798812866211, 0.7519451379776001, 0.7020070552825928]}