{"bboxes": [[141, 595, 216, 719], [617, 240, 642, 294], [502, 233, 529, 293], [464, 239, 489, 297], [567, 354, 605, 443], [666, 220, 690, 272], [614, 150, 647, 183], [637, 192, 657, 237]], "classes": [0, 0, 0, 0, 0, 0, 1, 0], "scores": [0.9122740626335144, 0.873040497303009, 0.8494768738746643, 0.8244589567184448, 0.8198528289794922, 0.7808523178100586, 0.6573346853256226, 0.40839728713035583]}