{"bboxes": [[634, 520, 691, 651], [447, 299, 483, 383], [494, 609, 558, 716], [597, 249, 623, 310], [411, 288, 441, 362]], "classes": [0, 0, 0, 0, 0], "scores": [0.88218092918396, 0.8524004817008972, 0.8424142599105835, 0.8323706388473511, 0.7319921851158142]}