{"bboxes": [[634, 520, 691, 651], [447, 299, 483, 383], [494, 609, 558, 716], [597, 249, 623, 310], [411, 288, 441, 362], [625, 193, 645, 238]], "classes": [0, 0, 0, 0, 0, 0], "scores": [0.882417619228363, 0.851921796798706, 0.8418405652046204, 0.8330888152122498, 0.7324561476707458, 0.30156928300857544]}