{"bboxes": [[577, 327, 612, 411], [457, 246, 484, 306], [620, 228, 644, 281], [497, 243, 525, 305], [618, 147, 649, 182], [669, 215, 692, 265]], "classes": [0, 0, 0, 0, 1, 0], "scores": [0.8997609615325928, 0.8612442016601562, 0.840316653251648, 0.8228118419647217, 0.7057762145996094, 0.5740214586257935]}