{"bboxes": [[633, 577, 693, 713], [593, 263, 620, 327], [461, 285, 494, 364], [421, 277, 452, 350], [619, 142, 649, 174], [623, 201, 644, 246]], "classes": [0, 0, 0, 0, 1, 0], "scores": [0.8694710731506348, 0.8426780700683594, 0.8324387073516846, 0.7967590689659119, 0.5881208777427673, 0.47346410155296326]}