{"bboxes": [[431, 268, 461, 335], [474, 271, 506, 343], [590, 278, 619, 346], [620, 141, 651, 174], [623, 207, 644, 254], [667, 198, 687, 243]], "classes": [0, 0, 0, 1, 0, 0], "scores": [0.8645994663238525, 0.8525448441505432, 0.8456224799156189, 0.644051730632782, 0.579312801361084, 0.3837215006351471]}