{"bboxes": [[517, 536, 576, 672], [432, 320, 471, 409], [601, 236, 626, 293], [638, 474, 691, 596], [399, 303, 431, 379]], "classes": [0, 0, 0, 0, 0], "scores": [0.9075889587402344, 0.847236156463623, 0.8187770247459412, 0.8182500600814819, 0.7859923839569092]}