{"bboxes": [[196, 531, 264, 693], [616, 250, 641, 309], [558, 383, 601, 481], [510, 222, 536, 281], [669, 228, 693, 282], [472, 232, 496, 288], [614, 151, 647, 186], [637, 197, 657, 245]], "classes": [0, 0, 0, 0, 0, 0, 1, 0], "scores": [0.9291287064552307, 0.8735458850860596, 0.857582151889801, 0.8560473322868347, 0.8439322710037231, 0.8418353199958801, 0.6674177646636963, 0.5166730880737305]}