{"bboxes": [[431, 268, 461, 335], [474, 271, 506, 343], [590, 278, 619, 346], [620, 141, 651, 174], [623, 207, 644, 254], [667, 198, 687, 243]], "classes": [0, 0, 0, 1, 0, 0], "scores": [0.8638097047805786, 0.8519002199172974, 0.8455154299736023, 0.6417270302772522, 0.5782827138900757, 0.38378673791885376]}