{"bboxes": [[140, 595, 215, 719], [617, 240, 642, 294], [502, 233, 529, 293], [464, 239, 489, 297], [567, 354, 605, 443], [666, 220, 690, 272], [614, 150, 647, 183], [637, 192, 657, 237]], "classes": [0, 0, 0, 0, 0, 0, 1, 0], "scores": [0.9119884371757507, 0.8733857274055481, 0.8485278487205505, 0.8239954113960266, 0.8200306296348572, 0.7817654013633728, 0.6558270454406738, 0.40802425146102905]}