{"bboxes": [[333, 439, 386, 556], [469, 520, 527, 651], [600, 563, 664, 704], [569, 361, 609, 453], [645, 352, 683, 440], [527, 191, 547, 237], [611, 204, 631, 251], [339, 363, 381, 446]], "classes": [0, 0, 0, 0, 0, 0, 0, 0], "scores": [0.930662989616394, 0.9214591979980469, 0.9033337831497192, 0.7978811264038086, 0.776334822177887, 0.6315653920173645, 0.6059491038322449, 0.6001201868057251]}