{"bboxes": [[443, 595, 509, 718], [366, 400, 417, 507], [561, 391, 605, 490], [646, 373, 687, 469], [611, 210, 632, 259], [359, 347, 396, 429]], "classes": [0, 0, 0, 0, 0, 0], "scores": [0.9155642986297607, 0.9109501838684082, 0.8753688335418701, 0.8113070130348206, 0.7282546758651733, 0.6795235872268677]}