{"bboxes": [[610, 505, 668, 633], [299, 472, 361, 616], [496, 459, 548, 575], [581, 334, 617, 418], [651, 331, 685, 413], [326, 386, 372, 481], [524, 197, 544, 243], [615, 196, 636, 241]], "classes": [0, 0, 0, 0, 0, 0, 0, 0], "scores": [0.9180258512496948, 0.9132153391838074, 0.9048157334327698, 0.855298638343811, 0.8123951554298401, 0.7763184309005737, 0.6085398197174072, 0.45471471548080444]}