{"bboxes": [[246, 518, 324, 681], [302, 410, 350, 516], [585, 314, 617, 390], [611, 461, 663, 575], [648, 314, 680, 390], [507, 412, 554, 516], [691, 597, 751, 718], [513, 203, 535, 250], [615, 190, 635, 234]], "classes": [0, 0, 0, 0, 0, 0, 0, 0, 0], "scores": [0.9650578498840332, 0.9076626300811768, 0.8681520819664001, 0.8587715029716492, 0.8481388688087463, 0.831676721572876, 0.786986231803894, 0.7659189105033875, 0.386666864156723]}