{"bboxes": [[533, 475, 588, 598], [638, 433, 686, 543], [605, 227, 628, 280], [415, 341, 457, 438], [386, 317, 419, 393]], "classes": [0, 0, 0, 0, 0], "scores": [0.8851488828659058, 0.8546710014343262, 0.8103308081626892, 0.7777655720710754, 0.6771296262741089]}