{"bboxes": [[197, 580, 273, 718], [621, 421, 669, 529], [593, 291, 625, 363], [283, 436, 335, 549], [528, 374, 568, 468], [510, 210, 533, 258], [653, 296, 684, 369], [694, 539, 751, 665], [619, 185, 639, 226]], "classes": [0, 0, 0, 0, 0, 0, 0, 0, 0], "scores": [0.9535056352615356, 0.9110624194145203, 0.8551217913627625, 0.816778838634491, 0.8136054277420044, 0.7806733846664429, 0.7623271346092224, 0.7523224949836731, 0.4295116066932678]}