{"bboxes": [[610, 505, 668, 633], [299, 472, 361, 616], [496, 459, 548, 575], [581, 334, 617, 418], [651, 331, 685, 413], [326, 385, 372, 480], [524, 197, 544, 243], [615, 196, 636, 241]], "classes": [0, 0, 0, 0, 0, 0, 0, 0], "scores": [0.9179326891899109, 0.9130701422691345, 0.9047980308532715, 0.8547548055648804, 0.8123927712440491, 0.7754586935043335, 0.6112605333328247, 0.45203977823257446]}