{"bboxes": [[547, 428, 596, 540], [392, 368, 438, 472], [641, 401, 685, 504], [606, 219, 628, 270], [374, 332, 408, 411], [539, 183, 558, 226]], "classes": [0, 0, 0, 0, 0, 0], "scores": [0.8785152435302734, 0.8748841285705566, 0.8572860956192017, 0.8328912258148193, 0.5036864876747131, 0.34269979596138]}