{"bboxes": [[533, 475, 588, 598], [638, 433, 686, 543], [605, 227, 628, 280], [415, 341, 457, 438], [386, 317, 419, 393]], "classes": [0, 0, 0, 0, 0], "scores": [0.8864056468009949, 0.8553777933120728, 0.8100618124008179, 0.7785167098045349, 0.6733660101890564]}