{"bboxes": [[443, 595, 509, 718], [365, 400, 416, 507], [560, 391, 604, 490], [646, 373, 687, 469], [611, 210, 632, 259], [359, 347, 396, 429]], "classes": [0, 0, 0, 0, 0, 0], "scores": [0.9154195189476013, 0.9075165390968323, 0.8792376518249512, 0.8151721954345703, 0.724598228931427, 0.6950139999389648]}