{"bboxes": [[177, 559, 247, 701], [632, 338, 668, 421], [484, 236, 509, 293], [605, 245, 631, 302], [559, 293, 590, 363], [693, 413, 736, 512], [581, 601, 642, 717], [546, 430, 593, 538], [653, 253, 680, 315]], "classes": [0, 0, 0, 0, 0, 0, 0, 0, 0], "scores": [0.9357324838638306, 0.8815434575080872, 0.8803746700286865, 0.872287392616272, 0.8601047992706299, 0.8459768295288086, 0.8389504551887512, 0.8236528038978577, 0.7137484550476074]}