{"bboxes": [[635, 303, 667, 375], [570, 260, 597, 318], [564, 366, 601, 454], [592, 485, 646, 613], [650, 235, 674, 291], [690, 363, 726, 449], [610, 224, 634, 275], [465, 257, 492, 318], [500, 607, 563, 716]], "classes": [0, 0, 0, 0, 0, 0, 0, 0, 0], "scores": [0.8783832788467407, 0.8650369644165039, 0.8381564021110535, 0.8352056741714478, 0.830687940120697, 0.8285247683525085, 0.8199889063835144, 0.791780412197113, 0.7696807980537415]}