{"bboxes": [[690, 442, 738, 551], [212, 512, 278, 645], [629, 359, 668, 449], [602, 257, 630, 319], [550, 315, 583, 389], [532, 476, 586, 598], [651, 263, 679, 330], [492, 225, 515, 279]], "classes": [0, 0, 0, 0, 0, 0, 0, 0], "scores": [0.9090532660484314, 0.9033446311950684, 0.891845703125, 0.8620954751968384, 0.8517889976501465, 0.8461142182350159, 0.7582604289054871, 0.7314730286598206]}