{"bboxes": [[597, 444, 647, 558], [639, 288, 670, 355], [575, 339, 609, 420], [578, 247, 603, 299], [456, 269, 485, 336], [691, 344, 725, 425], [518, 538, 579, 685], [651, 227, 674, 279], [615, 214, 638, 263]], "classes": [0, 0, 0, 0, 0, 0, 0, 0, 0], "scores": [0.8740278482437134, 0.8712754845619202, 0.866215169429779, 0.8548075556755066, 0.8528015613555908, 0.8471110463142395, 0.8412497639656067, 0.7202333211898804, 0.6796051263809204]}