{"bboxes": [[247, 477, 305, 603], [518, 532, 579, 668], [626, 385, 670, 483], [541, 339, 577, 422], [695, 482, 748, 598], [598, 272, 627, 338], [499, 219, 523, 269], [652, 277, 681, 346]], "classes": [0, 0, 0, 0, 0, 0, 0, 0], "scores": [0.9257702827453613, 0.8970428109169006, 0.8933247327804565, 0.8127256035804749, 0.8109471201896667, 0.7994056344032288, 0.7978650331497192, 0.7745078206062317]}