{"bboxes": [[586, 537, 644, 676], [633, 319, 668, 397], [565, 276, 592, 338], [132, 606, 210, 718], [691, 387, 731, 479], [557, 394, 599, 491], [651, 244, 676, 302], [608, 233, 633, 286], [475, 247, 499, 304]], "classes": [0, 0, 0, 0, 0, 0, 0, 0, 0], "scores": [0.8932750821113586, 0.8860203623771667, 0.8607810139656067, 0.8493382930755615, 0.847639799118042, 0.8370651006698608, 0.825717031955719, 0.8215422034263611, 0.7814514636993408]}