{"bboxes": [[597, 444, 647, 558], [639, 288, 670, 355], [575, 339, 609, 420], [578, 247, 603, 299], [456, 269, 485, 336], [691, 344, 725, 425], [518, 538, 579, 685], [651, 227, 674, 279], [615, 214, 638, 263]], "classes": [0, 0, 0, 0, 0, 0, 0, 0, 0], "scores": [0.8742275834083557, 0.8713192939758301, 0.8665047287940979, 0.854866087436676, 0.8523622155189514, 0.8472253680229187, 0.8395568132400513, 0.719750165939331, 0.677924394607544]}