{"bboxes": [[690, 442, 738, 551], [212, 512, 278, 645], [629, 359, 668, 449], [602, 257, 630, 319], [550, 315, 583, 389], [532, 476, 585, 598], [651, 263, 679, 330], [492, 225, 515, 279]], "classes": [0, 0, 0, 0, 0, 0, 0, 0], "scores": [0.9082522988319397, 0.9030511975288391, 0.8917458653450012, 0.8624338507652283, 0.8519477248191833, 0.8451157808303833, 0.7583155632019043, 0.732374906539917]}