{"bboxes": [[197, 580, 273, 718], [621, 421, 669, 529], [593, 291, 625, 363], [283, 436, 335, 549], [528, 374, 569, 468], [510, 210, 533, 258], [653, 296, 684, 369], [694, 539, 751, 665], [619, 185, 639, 226]], "classes": [0, 0, 0, 0, 0, 0, 0, 0, 0], "scores": [0.9527636766433716, 0.9109447598457336, 0.8547796010971069, 0.8157716989517212, 0.8140857815742493, 0.7804134488105774, 0.7608826756477356, 0.7520710229873657, 0.4311484098434448]}