{"bboxes": [[586, 537, 645, 676], [633, 319, 668, 397], [565, 276, 592, 338], [132, 607, 210, 718], [691, 387, 731, 479], [557, 394, 599, 490], [651, 244, 676, 302], [608, 233, 633, 286], [475, 247, 499, 304]], "classes": [0, 0, 0, 0, 0, 0, 0, 0, 0], "scores": [0.8944999575614929, 0.8862975835800171, 0.8589735627174377, 0.8498033881187439, 0.8482057452201843, 0.8380924463272095, 0.8258636593818665, 0.8211864233016968, 0.7793993949890137]}