{"bboxes": [[591, 262, 617, 320], [392, 350, 430, 439], [686, 277, 714, 340], [612, 332, 645, 414], [561, 365, 599, 459], [648, 242, 671, 293], [595, 203, 616, 248], [625, 185, 645, 227]], "classes": [0, 0, 0, 0, 0, 0, 0, 0], "scores": [0.8751516938209534, 0.8484417200088501, 0.8418971300125122, 0.8100651502609253, 0.7531735301017761, 0.7422782182693481, 0.6005461812019348, 0.32472482323646545]}