{"bboxes": [[595, 249, 620, 304], [685, 266, 712, 325], [614, 312, 645, 390], [371, 379, 412, 475], [650, 235, 672, 282], [567, 342, 602, 428], [598, 195, 619, 239], [530, 185, 549, 227]], "classes": [0, 0, 0, 0, 0, 0, 0, 0], "scores": [0.852465033531189, 0.8500402569770813, 0.8454723954200745, 0.8105674386024475, 0.7272226810455322, 0.708609402179718, 0.3122817873954773, 0.30152273178100586]}