{"bboxes": [[314, 450, 366, 569], [682, 246, 706, 301], [575, 299, 606, 377], [619, 280, 647, 349], [602, 229, 624, 276], [653, 220, 674, 267], [520, 191, 540, 235]], "classes": [0, 0, 0, 0, 0, 0, 0], "scores": [0.8800883889198303, 0.804893434047699, 0.7871541380882263, 0.764290452003479, 0.7243221402168274, 0.5958826541900635, 0.4726925492286682]}