{"bboxes": [[591, 262, 617, 320], [392, 350, 430, 439], [686, 277, 714, 340], [612, 332, 645, 414], [561, 365, 599, 459], [648, 242, 671, 293], [595, 203, 616, 248], [625, 185, 645, 227]], "classes": [0, 0, 0, 0, 0, 0, 0, 0], "scores": [0.8749935030937195, 0.8480501174926758, 0.8411688208580017, 0.811618983745575, 0.7531226873397827, 0.7412065267562866, 0.5997272729873657, 0.32573840022087097]}