{"bboxes": [[598, 410, 642, 514], [688, 326, 721, 402], [576, 317, 608, 392], [441, 284, 471, 356], [580, 234, 604, 284], [639, 277, 668, 339], [648, 219, 671, 270], [526, 482, 579, 613], [614, 206, 636, 254]], "classes": [0, 0, 0, 0, 0, 0, 0, 0, 0], "scores": [0.889481246471405, 0.8743231892585754, 0.8630384802818298, 0.8384583592414856, 0.8344407677650452, 0.8170077800750732, 0.784996747970581, 0.7813478708267212, 0.5462111830711365]}