{"bboxes": [[345, 410, 392, 516], [599, 238, 622, 289], [684, 256, 709, 313], [572, 318, 605, 400], [616, 295, 646, 369], [652, 226, 673, 273], [525, 189, 545, 232]], "classes": [0, 0, 0, 0, 0, 0, 0], "scores": [0.921787679195404, 0.8252267241477966, 0.8243573904037476, 0.79155433177948, 0.7396458983421326, 0.6922748684883118, 0.3390098214149475]}