{"bboxes": [[644, 267, 671, 322], [431, 303, 463, 378], [690, 309, 721, 381], [583, 296, 614, 366], [605, 382, 644, 477], [588, 224, 611, 272], [543, 441, 591, 553], [649, 213, 671, 261], [620, 198, 641, 245]], "classes": [0, 0, 0, 0, 0, 0, 0, 0, 0], "scores": [0.8585131168365479, 0.8337405323982239, 0.8231037259101868, 0.8097782731056213, 0.8035544157028198, 0.7951052188873291, 0.7847575545310974, 0.6495206952095032, 0.6242735981941223]}