{"bboxes": [[644, 267, 671, 322], [431, 303, 463, 378], [690, 309, 721, 381], [583, 296, 614, 366], [605, 382, 644, 477], [588, 224, 611, 272], [543, 441, 591, 553], [649, 213, 671, 261], [620, 198, 641, 245]], "classes": [0, 0, 0, 0, 0, 0, 0, 0, 0], "scores": [0.8572466969490051, 0.8359431028366089, 0.8232865333557129, 0.810096800327301, 0.8034672737121582, 0.7944690585136414, 0.7848508358001709, 0.6498211026191711, 0.6230464577674866]}