{"bboxes": [[345, 410, 392, 516], [599, 238, 622, 289], [684, 255, 709, 312], [572, 318, 605, 400], [616, 295, 646, 369], [652, 227, 673, 274], [525, 189, 545, 232]], "classes": [0, 0, 0, 0, 0, 0, 0], "scores": [0.9219840168952942, 0.8254395723342896, 0.823829710483551, 0.7912672758102417, 0.7381685972213745, 0.692409336566925, 0.33844617009162903]}