{"bboxes": [[646, 255, 671, 305], [588, 277, 617, 340], [686, 290, 715, 357], [411, 329, 445, 409], [608, 352, 644, 439], [592, 211, 613, 258], [553, 392, 595, 495], [621, 190, 641, 234], [648, 206, 669, 249]], "classes": [0, 0, 0, 0, 0, 0, 0, 0, 0], "scores": [0.8572644591331482, 0.8373317718505859, 0.8249816298484802, 0.8151677250862122, 0.7999215126037598, 0.7555886507034302, 0.7554513812065125, 0.4839233458042145, 0.4494989216327667]}