{"bboxes": [[277, 497, 336, 631], [605, 219, 627, 266], [622, 267, 648, 332], [580, 283, 610, 356], [683, 238, 705, 290], [516, 196, 536, 241], [654, 213, 674, 259]], "classes": [0, 0, 0, 0, 0, 0, 0], "scores": [0.9050042033195496, 0.7830396294593811, 0.7774784564971924, 0.7756888270378113, 0.7349174618721008, 0.5265465378761292, 0.4227503538131714]}