{"bboxes": [[483, 226, 509, 283], [599, 218, 620, 269], [633, 213, 654, 261], [673, 198, 693, 242]], "classes": [0, 0, 0, 0], "scores": [0.8701400756835938, 0.6072421073913574, 0.5936312675476074, 0.3864724636077881]}