{"bboxes": [[229, 559, 295, 710], [623, 256, 648, 317], [582, 269, 609, 337], [606, 211, 627, 257], [510, 199, 531, 246], [679, 229, 701, 279]], "classes": [0, 0, 0, 0, 0, 0], "scores": [0.918211042881012, 0.7728288173675537, 0.7336345314979553, 0.7256397008895874, 0.6492884159088135, 0.6013834476470947]}