{"bboxes": [[489, 220, 512, 273], [596, 225, 618, 278], [632, 221, 653, 270], [674, 204, 694, 249]], "classes": [0, 0, 0, 0], "scores": [0.7831412553787231, 0.6628668904304504, 0.6064561605453491, 0.5466307997703552]}