{"bboxes": [[589, 246, 614, 306], [500, 210, 522, 260], [627, 238, 650, 292], [675, 215, 697, 264], [611, 197, 631, 241]], "classes": [0, 0, 0, 0, 0], "scores": [0.8007688522338867, 0.7978020906448364, 0.7675819993019104, 0.5519964098930359, 0.35584115982055664]}