{"bboxes": [[497, 215, 520, 266], [594, 233, 618, 291], [632, 228, 654, 281], [678, 209, 698, 256]], "classes": [0, 0, 0, 0], "scores": [0.8299736380577087, 0.7413167953491211, 0.7412786483764648, 0.4853523075580597]}