{"bboxes": [[628, 246, 652, 304], [589, 257, 615, 320], [508, 205, 529, 253], [680, 223, 702, 271], [610, 202, 631, 247]], "classes": [0, 0, 0, 0, 0], "scores": [0.7325455546379089, 0.7176929116249084, 0.617780327796936, 0.5640529990196228, 0.39876261353492737]}