{"bboxes": [[497, 215, 520, 266], [594, 233, 618, 291], [632, 228, 654, 281], [678, 209, 698, 256]], "classes": [0, 0, 0, 0], "scores": [0.8281826376914978, 0.7438781261444092, 0.7418838739395142, 0.4865577518939972]}