{"bboxes": [[277, 497, 336, 631], [605, 219, 627, 266], [622, 267, 649, 332], [580, 283, 610, 356], [683, 238, 705, 290], [516, 196, 536, 241], [654, 213, 674, 259]], "classes": [0, 0, 0, 0, 0, 0, 0], "scores": [0.9049709439277649, 0.7834590673446655, 0.7778657674789429, 0.7768523097038269, 0.7359327077865601, 0.526257336139679, 0.4228895604610443]}