{"bboxes": [[628, 246, 652, 304], [589, 257, 615, 320], [508, 205, 529, 253], [680, 223, 702, 271], [610, 202, 631, 247]], "classes": [0, 0, 0, 0, 0], "scores": [0.7323057651519775, 0.7203828692436218, 0.6181901693344116, 0.5638101100921631, 0.3965781331062317]}