{"bboxes": [[447, 259, 480, 328], [610, 192, 630, 235], [531, 198, 551, 241]], "classes": [0, 0, 0], "scores": [0.8657565712928772, 0.41864126920700073, 0.362638384103775]}