{"bboxes": [[434, 274, 466, 347], [527, 203, 548, 248], [495, 198, 515, 244], [554, 199, 574, 245]], "classes": [0, 0, 0, 0], "scores": [0.8478735089302063, 0.5947630405426025, 0.44383499026298523, 0.4187273681163788]}