{"bboxes": [[476, 233, 502, 294], [602, 210, 623, 259], [634, 207, 655, 254], [513, 184, 532, 226]], "classes": [0, 0, 0, 0], "scores": [0.8643504977226257, 0.6490819454193115, 0.4819931089878082, 0.3543234169483185]}