{"bboxes": [[447, 259, 480, 328], [610, 192, 630, 235], [531, 198, 551, 241]], "classes": [0, 0, 0], "scores": [0.8660014867782593, 0.4162462055683136, 0.35383671522140503]}