{"bboxes": [[458, 250, 488, 314], [607, 199, 627, 244], [637, 196, 657, 241]], "classes": [0, 0, 0], "scores": [0.8852640390396118, 0.6272538304328918, 0.40588074922561646]}