{"bboxes": [[427, 286, 459, 364], [525, 208, 547, 255], [493, 203, 513, 249], [553, 206, 574, 253]], "classes": [0, 0, 0, 0], "scores": [0.8234403729438782, 0.5258467793464661, 0.4739295542240143, 0.4588010311126709]}