{"bboxes": [[483, 226, 509, 283], [599, 218, 620, 269], [633, 213, 654, 261], [673, 198, 693, 242]], "classes": [0, 0, 0, 0], "scores": [0.8703584671020508, 0.605403482913971, 0.5963045954704285, 0.38866880536079407]}