{"bboxes": [[427, 286, 459, 364], [525, 208, 547, 255], [493, 203, 513, 249], [553, 206, 574, 253]], "classes": [0, 0, 0, 0], "scores": [0.8231831192970276, 0.5272155404090881, 0.4757319986820221, 0.4594002366065979]}