{"bboxes": [[468, 241, 495, 301], [605, 204, 625, 251], [635, 199, 655, 245]], "classes": [0, 0, 0], "scores": [0.8632700443267822, 0.6857863068580627, 0.3846483528614044]}