{"bboxes": [[468, 241, 495, 301], [605, 204, 625, 251], [635, 199, 655, 245]], "classes": [0, 0, 0], "scores": [0.8613795042037964, 0.6866011023521423, 0.38663628697395325]}