{"bboxes": [[559, 547, 625, 690], [429, 530, 485, 658], [401, 316, 437, 401], [539, 224, 563, 275], [512, 219, 535, 270], [482, 211, 504, 259], [566, 190, 585, 234]], "classes": [0, 0, 0, 0, 0, 0, 0], "scores": [0.9458269476890564, 0.8810756802558899, 0.8353246450424194, 0.8213990926742554, 0.75667405128479, 0.7565566897392273, 0.42708495259284973]}