{"bboxes": [[324, 396, 373, 504], [533, 330, 566, 409], [604, 352, 643, 445], [492, 276, 521, 340], [543, 218, 566, 269], [457, 232, 480, 285], [485, 245, 507, 288]], "classes": [0, 0, 0, 0, 0, 0, 0], "scores": [0.8839797377586365, 0.8512106537818909, 0.8066173791885376, 0.7868322730064392, 0.7733483910560608, 0.6399699449539185, 0.4326842129230499]}