{"bboxes": [[583, 424, 633, 538], [367, 351, 406, 444], [492, 402, 535, 503], [555, 202, 576, 248], [470, 219, 492, 270], [519, 247, 544, 302], [498, 229, 521, 283]], "classes": [0, 0, 0, 0, 0, 0, 0], "scores": [0.8979795575141907, 0.8911313414573669, 0.8339038491249084, 0.6596951484680176, 0.6564619541168213, 0.642126202583313, 0.43708527088165283]}