{"bboxes": [[324, 396, 373, 504], [533, 330, 566, 409], [604, 352, 643, 445], [492, 276, 521, 340], [543, 218, 566, 269], [457, 232, 480, 285], [485, 245, 507, 288]], "classes": [0, 0, 0, 0, 0, 0, 0], "scores": [0.8836472034454346, 0.85063236951828, 0.8074580430984497, 0.7873337268829346, 0.7731343507766724, 0.6384259462356567, 0.43744754791259766]}