{"bboxes": [[571, 477, 627, 607], [462, 458, 511, 572], [382, 333, 419, 423], [528, 234, 552, 288], [476, 218, 497, 267], [504, 226, 527, 276], [560, 196, 580, 242]], "classes": [0, 0, 0, 0, 0, 0, 0], "scores": [0.9414342045783997, 0.893505334854126, 0.8182501196861267, 0.7762817144393921, 0.7206664681434631, 0.5607589483261108, 0.5243433713912964]}