{"bboxes": [[412, 302, 445, 380], [485, 208, 507, 255], [543, 215, 565, 264], [516, 212, 538, 262], [382, 625, 445, 716]], "classes": [0, 0, 0, 0, 0], "scores": [0.8652311563491821, 0.6608637571334839, 0.660196840763092, 0.6543139219284058, 0.4117359519004822]}