{"bboxes": [[595, 384, 640, 486], [348, 374, 391, 476], [551, 211, 573, 260], [506, 260, 535, 321], [514, 365, 551, 451], [464, 227, 487, 279], [490, 241, 513, 292]], "classes": [0, 0, 0, 0, 0, 0, 0], "scores": [0.8924792408943176, 0.8755412697792053, 0.7568596005439758, 0.7394582629203796, 0.698095440864563, 0.6529602408409119, 0.4127078950405121]}