{"bboxes": [[559, 547, 625, 690], [429, 530, 485, 658], [401, 316, 437, 401], [539, 223, 563, 274], [512, 219, 535, 270], [482, 211, 504, 259], [566, 190, 585, 234]], "classes": [0, 0, 0, 0, 0, 0, 0], "scores": [0.945701539516449, 0.8804212808609009, 0.8376083374023438, 0.8241143226623535, 0.7558173537254333, 0.7554575800895691, 0.4244731068611145]}