{"bboxes": [[300, 424, 350, 542], [526, 570, 590, 713], [537, 226, 562, 281], [611, 326, 645, 409], [475, 291, 508, 365], [548, 303, 578, 375], [452, 241, 475, 292], [479, 256, 502, 300]], "classes": [0, 0, 0, 0, 0, 0, 0, 0], "scores": [0.9233075976371765, 0.9060832858085632, 0.7975792288780212, 0.7684699296951294, 0.7571110129356384, 0.7485712766647339, 0.6367052793502808, 0.36598315834999084]}