{"bboxes": [[583, 424, 633, 538], [367, 351, 406, 444], [492, 402, 535, 503], [555, 202, 576, 248], [470, 219, 492, 270], [519, 247, 544, 302], [498, 229, 521, 283]], "classes": [0, 0, 0, 0, 0, 0, 0], "scores": [0.8976847529411316, 0.8904514908790588, 0.8347784876823425, 0.6597108244895935, 0.6563202738761902, 0.6417919397354126, 0.43678155541419983]}