{"bboxes": [[319, 466, 376, 591], [662, 438, 713, 551], [416, 326, 454, 413], [474, 315, 508, 395], [633, 231, 657, 287], [598, 311, 631, 389], [410, 279, 435, 333], [595, 211, 616, 261]], "classes": [0, 0, 0, 0, 0, 0, 0, 0], "scores": [0.9297250509262085, 0.9224197864532471, 0.8977323174476624, 0.864521861076355, 0.8452633023262024, 0.8212385177612305, 0.6735537648200989, 0.6208221316337585]}