{"bboxes": [[367, 412, 416, 522], [137, 609, 209, 718], [587, 345, 625, 434], [661, 489, 717, 612], [432, 308, 468, 386], [492, 288, 523, 363], [628, 246, 654, 307], [417, 272, 442, 325], [586, 227, 610, 280]], "classes": [0, 0, 0, 0, 0, 0, 0, 0, 0], "scores": [0.9446081519126892, 0.8905730843544006, 0.8901093602180481, 0.888672411441803, 0.8744683861732483, 0.8077899813652039, 0.8070366978645325, 0.7505427598953247, 0.6485963463783264]}