{"bboxes": [[548, 488, 606, 621], [274, 458, 327, 583], [618, 302, 650, 378], [529, 240, 555, 297], [471, 263, 497, 319], [563, 279, 590, 344], [443, 245, 467, 299], [459, 319, 492, 392]], "classes": [0, 0, 0, 0, 0, 0, 0, 0], "scores": [0.9249907732009888, 0.8637500405311584, 0.8531193137168884, 0.8385858535766602, 0.81561678647995, 0.7907774448394775, 0.7199406027793884, 0.6852652430534363]}