{"bboxes": [[190, 554, 256, 708], [664, 538, 724, 674], [580, 376, 623, 477], [402, 373, 445, 473], [447, 294, 483, 367], [508, 270, 537, 338], [583, 240, 607, 294], [428, 258, 456, 319], [628, 260, 655, 324]], "classes": [0, 0, 0, 0, 0, 0, 0, 0, 0], "scores": [0.9263523817062378, 0.9148231148719788, 0.8809099793434143, 0.8722589612007141, 0.8687825202941895, 0.7991445660591125, 0.7725497484207153, 0.7536842823028564, 0.7294246554374695]}