{"bboxes": [[270, 527, 336, 670], [663, 406, 710, 511], [456, 339, 494, 428], [402, 347, 441, 436], [635, 222, 658, 274], [601, 287, 632, 362], [401, 295, 428, 349], [598, 203, 618, 251]], "classes": [0, 0, 0, 0, 0, 0, 0, 0], "scores": [0.940170168876648, 0.9229904413223267, 0.8909234404563904, 0.8776426911354065, 0.8199097514152527, 0.8188155293464661, 0.6452233195304871, 0.5811859369277954]}