{"bboxes": [[548, 488, 606, 621], [274, 458, 327, 583], [618, 302, 650, 378], [529, 240, 555, 297], [471, 263, 497, 319], [563, 279, 590, 344], [443, 245, 467, 299], [459, 319, 492, 392]], "classes": [0, 0, 0, 0, 0, 0, 0, 0], "scores": [0.9252189993858337, 0.8636988997459412, 0.8536615967750549, 0.8378604650497437, 0.8169013261795044, 0.7913808226585388, 0.7230460047721863, 0.6845943927764893]}