{"bboxes": [[213, 598, 286, 718], [434, 366, 477, 464], [606, 268, 636, 335], [664, 378, 705, 475], [386, 362, 427, 461], [637, 211, 659, 262], [391, 302, 421, 364], [604, 195, 624, 242]], "classes": [0, 0, 0, 0, 0, 0, 0, 0], "scores": [0.9258303642272949, 0.8959399461746216, 0.876374363899231, 0.8482823371887207, 0.8230193853378296, 0.7678017020225525, 0.7539207935333252, 0.3334179222583771]}