{"bboxes": [[565, 419, 614, 531], [224, 506, 285, 645], [661, 600, 723, 716], [515, 255, 543, 319], [427, 347, 464, 434], [621, 277, 649, 346], [456, 280, 485, 349], [430, 252, 457, 311], [572, 256, 599, 317]], "classes": [0, 0, 0, 0, 0, 0, 0, 0, 0], "scores": [0.9037318229675293, 0.8916448354721069, 0.8511696457862854, 0.8492171168327332, 0.8377932906150818, 0.8234314322471619, 0.8162238001823425, 0.7937818765640259, 0.6537452340126038]}