{"bboxes": [[190, 554, 256, 708], [664, 538, 724, 674], [580, 376, 623, 477], [402, 373, 445, 473], [447, 294, 483, 367], [508, 270, 537, 338], [583, 240, 607, 294], [428, 258, 456, 319], [628, 260, 655, 324]], "classes": [0, 0, 0, 0, 0, 0, 0, 0, 0], "scores": [0.925896942615509, 0.9144220352172852, 0.8808382153511047, 0.8725001215934753, 0.8685547709465027, 0.7988423705101013, 0.7720052003860474, 0.7588767409324646, 0.7288691997528076]}