{"bboxes": [[319, 466, 376, 591], [662, 438, 713, 551], [416, 326, 454, 413], [474, 315, 508, 395], [633, 231, 657, 287], [598, 311, 631, 389], [410, 279, 435, 333], [595, 211, 616, 261]], "classes": [0, 0, 0, 0, 0, 0, 0, 0], "scores": [0.9291553497314453, 0.9221349358558655, 0.897517204284668, 0.8640735745429993, 0.8449641466140747, 0.8215434551239014, 0.6739264130592346, 0.6201975345611572]}