{"bboxes": [[666, 334, 701, 418], [616, 239, 640, 297], [353, 426, 421, 564], [369, 322, 404, 403], [641, 196, 661, 243], [512, 183, 532, 227], [546, 190, 566, 236]], "classes": [0, 0, 0, 0, 0, 0, 0], "scores": [0.8557589650154114, 0.8338568210601807, 0.8073826432228088, 0.8050636649131775, 0.44345220923423767, 0.4396214783191681, 0.39541345834732056]}