{"bboxes": [[213, 598, 286, 718], [434, 366, 477, 464], [606, 268, 636, 335], [664, 378, 705, 475], [386, 362, 427, 461], [637, 211, 659, 262], [390, 302, 420, 364], [604, 195, 624, 242]], "classes": [0, 0, 0, 0, 0, 0, 0, 0], "scores": [0.9255530834197998, 0.8966428637504578, 0.8761075735092163, 0.8480356931686401, 0.8214799165725708, 0.7678527235984802, 0.7472094893455505, 0.3340233564376831]}