{"bboxes": [[238, 602, 310, 717], [269, 489, 330, 619], [327, 358, 368, 448], [666, 291, 696, 363], [621, 212, 643, 261], [531, 205, 552, 254], [502, 194, 523, 240]], "classes": [0, 0, 0, 0, 0, 0, 0], "scores": [0.8923009037971497, 0.853126585483551, 0.7859148383140564, 0.7716001868247986, 0.7713702917098999, 0.5155665278434753, 0.3989863395690918]}