{"bboxes": [[226, 533, 300, 700], [314, 374, 357, 471], [524, 214, 547, 264], [622, 205, 643, 252], [666, 277, 695, 346], [497, 198, 517, 244], [355, 625, 429, 716]], "classes": [0, 0, 0, 0, 0, 0, 0], "scores": [0.9446069002151489, 0.7934799194335938, 0.7676260471343994, 0.7270282506942749, 0.7069138288497925, 0.5356602072715759, 0.532822847366333]}