{"bboxes": [[666, 334, 701, 418], [616, 239, 640, 297], [353, 427, 421, 565], [369, 322, 404, 403], [641, 196, 661, 243], [512, 183, 532, 227], [546, 190, 566, 236]], "classes": [0, 0, 0, 0, 0, 0, 0], "scores": [0.8560160398483276, 0.8341089487075806, 0.8080940842628479, 0.8039458990097046, 0.44371041655540466, 0.43967539072036743, 0.39445531368255615]}