{"bboxes": [[238, 602, 310, 717], [269, 489, 330, 618], [327, 358, 368, 448], [621, 212, 643, 261], [666, 291, 696, 363], [531, 205, 552, 254], [502, 194, 523, 240]], "classes": [0, 0, 0, 0, 0, 0, 0], "scores": [0.8917053937911987, 0.8530033230781555, 0.781597912311554, 0.7713536024093628, 0.7680234909057617, 0.5118635296821594, 0.38333451747894287]}