{"bboxes": [[177, 587, 253, 718], [406, 536, 465, 653], [291, 388, 339, 497], [667, 264, 695, 330], [396, 609, 603, 717], [517, 221, 540, 272], [624, 198, 644, 243], [492, 203, 512, 249]], "classes": [0, 0, 0, 0, 1, 0, 0, 0], "scores": [0.9652000665664673, 0.8644587993621826, 0.8644504547119141, 0.7751899361610413, 0.7051650285720825, 0.6575009226799011, 0.5436103343963623, 0.5222729444503784]}