{"bboxes": [[177, 587, 252, 718], [291, 388, 339, 496], [406, 536, 465, 653], [667, 264, 695, 330], [396, 609, 603, 717], [517, 221, 540, 272], [624, 198, 644, 243], [492, 203, 512, 249]], "classes": [0, 0, 0, 0, 1, 0, 0, 0], "scores": [0.9649249911308289, 0.8648177981376648, 0.8638356924057007, 0.7732267379760742, 0.7040261626243591, 0.6562551856040955, 0.5453293323516846, 0.5180999040603638]}