{"bboxes": [[609, 252, 636, 316], [665, 356, 703, 445], [403, 402, 453, 508], [637, 204, 658, 252], [379, 314, 411, 381], [363, 394, 429, 505]], "classes": [0, 0, 0, 0, 0, 0], "scores": [0.8794477581977844, 0.8363185524940491, 0.7061684727668762, 0.659624457359314, 0.6457446813583374, 0.4434763193130493]}