{"bboxes": [[618, 225, 641, 277], [665, 312, 697, 388], [348, 340, 386, 428], [303, 484, 375, 649], [537, 198, 558, 246], [309, 440, 361, 533], [505, 189, 525, 233]], "classes": [0, 0, 0, 0, 0, 0, 0], "scores": [0.8657809495925903, 0.8450168967247009, 0.8211427330970764, 0.7850042581558228, 0.5106678605079651, 0.41881081461906433, 0.3503037691116333]}