{"bboxes": [[548, 565, 613, 709], [141, 544, 209, 697], [695, 530, 751, 659], [464, 278, 493, 344], [667, 218, 690, 270], [502, 375, 628, 526], [460, 233, 483, 282], [548, 313, 577, 380], [525, 208, 548, 259]], "classes": [0, 0, 0, 0, 0, 1, 0, 0, 0], "scores": [0.9222421050071716, 0.8903890252113342, 0.8283572196960449, 0.7934131622314453, 0.779519259929657, 0.7268959879875183, 0.7248155474662781, 0.6951910853385925, 0.6626266241073608]}