{"bboxes": [[548, 565, 613, 709], [141, 544, 209, 697], [695, 530, 751, 659], [464, 278, 493, 344], [667, 218, 690, 270], [502, 375, 628, 526], [460, 233, 483, 282], [548, 313, 577, 380], [525, 208, 548, 259]], "classes": [0, 0, 0, 0, 0, 1, 0, 0, 0], "scores": [0.9225329756736755, 0.8896132111549377, 0.8280548453330994, 0.7929587364196777, 0.7783949971199036, 0.7273540496826172, 0.722908079624176, 0.6960036754608154, 0.6624500155448914]}