{"bboxes": [[487, 248, 514, 309], [453, 452, 617, 657], [219, 464, 276, 598], [668, 235, 693, 292], [506, 375, 546, 465], [476, 219, 498, 266], [538, 195, 560, 240]], "classes": [0, 1, 0, 0, 0, 0, 0], "scores": [0.8567947149276733, 0.8437740802764893, 0.8252243995666504, 0.803456723690033, 0.788756787776947, 0.6339738368988037, 0.497326135635376]}