{"bboxes": [[575, 460, 629, 579], [525, 330, 636, 452], [435, 306, 468, 385], [442, 247, 471, 303], [690, 455, 739, 568], [511, 222, 536, 277], [572, 272, 599, 330], [667, 205, 688, 253]], "classes": [0, 1, 0, 0, 0, 0, 0, 0], "scores": [0.9341095089912415, 0.8687993884086609, 0.8369945287704468, 0.8175438642501831, 0.7811062932014465, 0.7537139058113098, 0.6629122495651245, 0.6054136157035828]}