{"bboxes": [[575, 460, 629, 579], [525, 330, 636, 452], [435, 306, 468, 385], [442, 247, 471, 303], [690, 455, 739, 568], [511, 222, 536, 277], [572, 272, 599, 330], [667, 205, 688, 253]], "classes": [0, 1, 0, 0, 0, 0, 0, 0], "scores": [0.93294358253479, 0.8680009841918945, 0.8390121459960938, 0.8175674080848694, 0.7800223231315613, 0.7542582154273987, 0.6631774306297302, 0.6049098968505859]}