{"bboxes": [[416, 520, 607, 717], [261, 424, 311, 542], [465, 438, 513, 542], [504, 233, 529, 288], [668, 248, 694, 309], [484, 210, 506, 257]], "classes": [1, 0, 0, 0, 0, 0], "scores": [0.8738855123519897, 0.862764835357666, 0.8181860446929932, 0.7994836568832397, 0.7806292176246643, 0.5772022008895874]}