{"bboxes": [[177, 509, 243, 649], [669, 225, 692, 278], [476, 263, 506, 330], [534, 336, 567, 413], [485, 409, 626, 578], [469, 225, 492, 272], [702, 577, 759, 713], [532, 202, 553, 249]], "classes": [0, 0, 0, 0, 1, 0, 0, 0], "scores": [0.8840341567993164, 0.841717004776001, 0.8395939469337463, 0.7739543318748474, 0.7501253485679626, 0.7399159669876099, 0.6238820552825928, 0.5793452858924866]}