{"bboxes": [[564, 506, 624, 639], [450, 289, 482, 365], [562, 289, 590, 354], [514, 349, 634, 487], [455, 240, 478, 289], [101, 592, 172, 717], [694, 489, 747, 612], [669, 211, 691, 262], [519, 214, 542, 266]], "classes": [0, 0, 0, 1, 0, 0, 0, 0, 0], "scores": [0.9387505054473877, 0.8243804574012756, 0.8069464564323425, 0.8039610385894775, 0.7742608189582825, 0.7527956366539001, 0.7438318133354187, 0.7303260564804077, 0.6997658014297485]}