{"bboxes": [[487, 248, 514, 309], [453, 452, 617, 658], [219, 463, 276, 597], [668, 235, 693, 292], [506, 375, 546, 465], [476, 219, 498, 266], [538, 195, 560, 240]], "classes": [0, 1, 0, 0, 0, 0, 0], "scores": [0.8573125004768372, 0.8444403409957886, 0.8280512690544128, 0.8036205768585205, 0.7873390913009644, 0.6342933177947998, 0.4991433918476105]}