{"bboxes": [[430, 258, 459, 323], [588, 406, 634, 507], [541, 301, 639, 403], [411, 335, 447, 422], [500, 239, 525, 295], [586, 248, 610, 299], [683, 410, 727, 511], [515, 196, 536, 241], [667, 197, 687, 243]], "classes": [0, 0, 1, 0, 0, 0, 0, 0, 0], "scores": [0.880790114402771, 0.8681557774543762, 0.8483059406280518, 0.8349480032920837, 0.8214756846427917, 0.7840025424957275, 0.7112597227096558, 0.5734013319015503, 0.4893079400062561]}