{"bboxes": [[338, 423, 388, 539], [396, 296, 428, 370], [609, 324, 645, 403], [683, 346, 718, 430], [565, 250, 642, 335], [468, 278, 498, 349], [502, 207, 525, 258], [607, 212, 629, 253]], "classes": [0, 0, 0, 0, 1, 0, 0, 0], "scores": [0.9162588119506836, 0.8657179474830627, 0.8446029424667358, 0.8291142582893372, 0.8082660436630249, 0.7964061498641968, 0.7527540326118469, 0.45384398102760315]}