{"bboxes": [[630, 464, 682, 581], [334, 355, 374, 447], [621, 267, 649, 325], [485, 226, 512, 283], [585, 214, 646, 282], [534, 610, 600, 717], [410, 352, 448, 446], [683, 291, 712, 361], [183, 618, 256, 717]], "classes": [0, 0, 0, 0, 1, 0, 0, 0, 0], "scores": [0.9170151352882385, 0.8724587559700012, 0.8276996612548828, 0.8158785104751587, 0.8064473271369934, 0.7635915279388428, 0.7579429149627686, 0.7325422167778015, 0.6829549074172974]}