{"bboxes": [[627, 511, 684, 640], [237, 549, 302, 701], [353, 338, 391, 424], [579, 223, 644, 295], [428, 331, 463, 417], [619, 277, 648, 342], [490, 219, 515, 275], [682, 303, 712, 378]], "classes": [0, 0, 0, 1, 0, 0, 0, 0], "scores": [0.9406407475471497, 0.9304738640785217, 0.8678802251815796, 0.7957589626312256, 0.7921785116195679, 0.7853571772575378, 0.7827053666114807, 0.714065670967102]}