{"bboxes": [[392, 357, 432, 452], [597, 374, 642, 472], [421, 269, 452, 337], [684, 388, 725, 483], [554, 283, 642, 378], [491, 249, 517, 310], [595, 235, 617, 282], [511, 199, 533, 246], [668, 191, 688, 236]], "classes": [0, 0, 0, 0, 1, 0, 0, 0, 0], "scores": [0.8884380459785461, 0.8593454360961914, 0.8301641941070557, 0.7952502369880676, 0.7845224738121033, 0.7311528921127319, 0.6990271806716919, 0.5913436412811279, 0.4008924961090088]}