{"bboxes": [[631, 424, 681, 532], [546, 541, 607, 677], [387, 380, 429, 483], [586, 210, 645, 273], [623, 253, 650, 310], [312, 375, 354, 473], [682, 279, 709, 346], [478, 229, 507, 291]], "classes": [0, 0, 0, 1, 0, 0, 0, 0], "scores": [0.9201230406761169, 0.904687762260437, 0.8349014520645142, 0.8255636096000671, 0.8089867234230042, 0.7982375621795654, 0.7944484353065491, 0.7230844497680664]}