{"bboxes": [[622, 582, 686, 718], [287, 483, 343, 616], [373, 318, 407, 399], [447, 303, 480, 383], [574, 236, 644, 311], [682, 322, 715, 400], [495, 214, 519, 266], [615, 298, 646, 367], [614, 199, 635, 239]], "classes": [0, 0, 0, 0, 1, 0, 0, 0, 0], "scores": [0.930687427520752, 0.9081077575683594, 0.8946799635887146, 0.8704217076301575, 0.7978151440620422, 0.7673868536949158, 0.7282553315162659, 0.7112991809844971, 0.34256359934806824]}