{"bboxes": [[392, 357, 432, 452], [597, 374, 642, 472], [421, 270, 452, 338], [684, 388, 725, 483], [554, 283, 642, 378], [491, 249, 517, 310], [595, 235, 617, 282], [511, 199, 533, 246], [668, 191, 688, 236]], "classes": [0, 0, 0, 0, 1, 0, 0, 0, 0], "scores": [0.8886946439743042, 0.8602499961853027, 0.8293648958206177, 0.7962395548820496, 0.7847369313240051, 0.7318894267082214, 0.699165403842926, 0.5880427956581116, 0.40119463205337524]}