{"bboxes": [[370, 383, 414, 486], [411, 281, 443, 351], [482, 262, 511, 327], [604, 353, 643, 439], [558, 270, 642, 358], [684, 370, 721, 460], [506, 205, 528, 253], [601, 225, 624, 268]], "classes": [0, 0, 0, 0, 1, 0, 0, 0], "scores": [0.9152230024337769, 0.8676503300666809, 0.8477616906166077, 0.8293601274490356, 0.7456446290016174, 0.7361428141593933, 0.7106135487556458, 0.4718565344810486]}