{"bboxes": [[338, 423, 388, 539], [396, 296, 428, 370], [609, 324, 645, 403], [683, 346, 718, 430], [565, 250, 642, 335], [468, 278, 498, 349], [502, 207, 525, 258], [607, 212, 629, 253]], "classes": [0, 0, 0, 0, 1, 0, 0, 0], "scores": [0.9163351058959961, 0.8657224178314209, 0.8445858955383301, 0.8291845321655273, 0.8082712888717651, 0.7965859174728394, 0.7528598308563232, 0.4546482264995575]}