{"bboxes": [[627, 511, 683, 640], [237, 549, 302, 701], [353, 338, 391, 424], [579, 223, 644, 294], [428, 331, 463, 418], [619, 277, 648, 342], [489, 219, 514, 275], [682, 303, 712, 378]], "classes": [0, 0, 0, 1, 0, 0, 0, 0], "scores": [0.9401678442955017, 0.9305068850517273, 0.8677108883857727, 0.7957828640937805, 0.7927795648574829, 0.787595808506012, 0.7810004353523254, 0.7168147563934326]}