{"bboxes": [[567, 445, 618, 559], [262, 423, 311, 539], [626, 506, 681, 639], [637, 370, 678, 458], [683, 260, 709, 321], [468, 245, 497, 305], [594, 198, 647, 252], [329, 451, 379, 576], [629, 233, 653, 284], [418, 630, 495, 715]], "classes": [0, 0, 0, 0, 0, 0, 1, 0, 0, 0], "scores": [0.9471354484558105, 0.9119130373001099, 0.8949256539344788, 0.8694443702697754, 0.8463566303253174, 0.8389965295791626, 0.8199237585067749, 0.7785292863845825, 0.7617692351341248, 0.3985011577606201]}