{"bboxes": [[567, 445, 618, 559], [262, 423, 311, 539], [626, 506, 681, 639], [637, 370, 678, 458], [683, 260, 709, 321], [468, 245, 497, 305], [594, 198, 647, 252], [329, 451, 379, 576], [629, 233, 653, 284], [418, 630, 495, 715]], "classes": [0, 0, 0, 0, 0, 0, 1, 0, 0, 0], "scores": [0.9475942850112915, 0.9116464853286743, 0.8952391147613525, 0.8696147203445435, 0.8459734320640564, 0.8378520011901855, 0.819270670413971, 0.7776457667350769, 0.7603651881217957, 0.4006139934062958]}