{"bboxes": [[475, 497, 534, 627], [197, 490, 255, 622], [239, 552, 306, 714], [683, 244, 708, 299], [643, 328, 679, 405], [453, 255, 486, 325], [589, 609, 649, 718], [587, 381, 626, 473], [600, 187, 651, 238], [632, 423, 677, 530], [632, 213, 656, 261]], "classes": [0, 0, 0, 0, 0, 0, 0, 0, 1, 0, 0], "scores": [0.9459396600723267, 0.8775393962860107, 0.8771191835403442, 0.8695499897003174, 0.8539468050003052, 0.8501819968223572, 0.8123666048049927, 0.8099691271781921, 0.8042573928833008, 0.7963588237762451, 0.561834990978241]}