{"bboxes": [[493, 448, 547, 567], [593, 550, 656, 687], [155, 531, 223, 672], [591, 355, 627, 441], [682, 237, 706, 290], [643, 310, 676, 381], [634, 391, 675, 489], [446, 261, 480, 337], [602, 184, 650, 232], [633, 206, 655, 252], [173, 626, 246, 717], [526, 182, 547, 225]], "classes": [0, 0, 0, 0, 0, 0, 0, 0, 1, 0, 0, 0], "scores": [0.9383276700973511, 0.9081831574440002, 0.8903248906135559, 0.8730175495147705, 0.838579535484314, 0.8196261525154114, 0.8113588094711304, 0.8097352981567383, 0.8092725872993469, 0.5017552375793457, 0.3967248797416687, 0.31514135003089905]}