{"bboxes": [[475, 497, 534, 627], [197, 490, 255, 622], [239, 552, 306, 713], [683, 244, 708, 299], [643, 328, 679, 405], [453, 255, 486, 325], [589, 609, 649, 718], [587, 381, 626, 473], [600, 187, 651, 238], [632, 423, 677, 530], [632, 213, 656, 261]], "classes": [0, 0, 0, 0, 0, 0, 0, 0, 1, 0, 0], "scores": [0.9458214640617371, 0.8781226277351379, 0.8771585822105408, 0.8697096705436707, 0.8542299270629883, 0.8519766330718994, 0.8125688433647156, 0.8108732104301453, 0.8036064505577087, 0.796588659286499, 0.5621860027313232]}