{"bboxes": [[517, 394, 563, 493], [602, 480, 655, 598], [644, 287, 674, 352], [599, 322, 632, 401], [435, 284, 467, 355], [607, 177, 650, 222], [635, 354, 672, 442], [680, 227, 703, 278], [70, 610, 157, 717], [440, 255, 468, 299], [636, 198, 657, 242], [518, 186, 538, 230]], "classes": [0, 0, 0, 0, 0, 1, 0, 0, 0, 0, 0, 0], "scores": [0.924523115158081, 0.9210821390151978, 0.8739349842071533, 0.8309572339057922, 0.8303711414337158, 0.8070899248123169, 0.760769784450531, 0.6934560537338257, 0.45896148681640625, 0.44909045100212097, 0.3772228956222534, 0.3151281774044037]}