{"bboxes": [[517, 394, 563, 494], [602, 480, 655, 598], [644, 287, 674, 352], [598, 322, 631, 401], [435, 284, 467, 355], [607, 177, 650, 222], [635, 354, 672, 442], [680, 227, 703, 278], [70, 610, 157, 717], [440, 255, 468, 299], [636, 198, 657, 242], [518, 186, 538, 230]], "classes": [0, 0, 0, 0, 0, 1, 0, 0, 0, 0, 0, 0], "scores": [0.9247292280197144, 0.9213173985481262, 0.8743313550949097, 0.8306189775466919, 0.8277608752250671, 0.8075577020645142, 0.7604154348373413, 0.6928125023841858, 0.4614550769329071, 0.44278350472450256, 0.3758966028690338, 0.30921709537506104]}