{"bboxes": [[291, 398, 338, 507], [635, 395, 682, 494], [561, 488, 615, 610], [624, 563, 687, 711], [683, 269, 710, 332], [591, 204, 647, 261], [473, 236, 501, 298], [628, 242, 653, 296], [360, 414, 407, 526]], "classes": [0, 0, 0, 0, 0, 1, 0, 0, 0], "scores": [0.9318273663520813, 0.8947626948356628, 0.8827837705612183, 0.8591846227645874, 0.8392282128334045, 0.8190783262252808, 0.8182903528213501, 0.7950447797775269, 0.7863231897354126]}