{"bboxes": [[631, 424, 681, 532], [546, 541, 607, 677], [387, 380, 429, 483], [586, 210, 645, 273], [623, 253, 650, 310], [312, 375, 354, 473], [682, 279, 709, 346], [478, 229, 507, 291]], "classes": [0, 0, 0, 1, 0, 0, 0, 0], "scores": [0.9193171262741089, 0.9044046401977539, 0.8339386582374573, 0.8257664442062378, 0.8094400763511658, 0.7998238801956177, 0.7943583130836487, 0.7237091064453125]}