{"bboxes": [[450, 557, 516, 705], [290, 498, 348, 639], [579, 409, 624, 512], [641, 347, 678, 430], [683, 252, 708, 309], [460, 248, 490, 315], [629, 461, 680, 582], [229, 458, 283, 579], [598, 192, 649, 245], [631, 223, 654, 272]], "classes": [0, 0, 0, 0, 0, 0, 0, 0, 1, 0], "scores": [0.934298574924469, 0.895403265953064, 0.8738715052604675, 0.8657381534576416, 0.8656079173088074, 0.8406144976615906, 0.8350690007209778, 0.8218671083450317, 0.8197154402732849, 0.745002806186676]}