{"bboxes": [[454, 574, 524, 718], [556, 465, 606, 580], [565, 275, 596, 342], [620, 335, 654, 413], [381, 353, 420, 441], [618, 160, 656, 199], [643, 268, 668, 327], [616, 247, 641, 305], [668, 388, 706, 480], [405, 291, 437, 361], [493, 211, 515, 260], [649, 229, 672, 276], [680, 198, 700, 244]], "classes": [0, 0, 0, 0, 0, 1, 0, 0, 0, 0, 0, 0, 0], "scores": [0.947462260723114, 0.8835904598236084, 0.8775681257247925, 0.8587480187416077, 0.8491184115409851, 0.8236594200134277, 0.8226137757301331, 0.8210168480873108, 0.8184438347816467, 0.7985048294067383, 0.7694802284240723, 0.6899991631507874, 0.4339592754840851]}