{"bboxes": [[454, 574, 524, 718], [555, 465, 606, 580], [565, 275, 596, 342], [620, 335, 654, 413], [381, 353, 420, 441], [618, 160, 656, 199], [643, 268, 668, 327], [616, 247, 641, 305], [668, 388, 706, 480], [405, 291, 438, 361], [493, 211, 515, 260], [649, 229, 672, 276], [680, 198, 700, 244]], "classes": [0, 0, 0, 0, 0, 1, 0, 0, 0, 0, 0, 0, 0], "scores": [0.9470975995063782, 0.8857576847076416, 0.8776395916938782, 0.8590850234031677, 0.8501100540161133, 0.8255369663238525, 0.8230668306350708, 0.8203688859939575, 0.8167726397514343, 0.8018282055854797, 0.7709847092628479, 0.6905921697616577, 0.436801016330719]}