{"bboxes": [[415, 309, 449, 387], [541, 333, 578, 416], [654, 504, 711, 636], [609, 403, 652, 498], [426, 270, 457, 322], [647, 258, 674, 315], [610, 168, 650, 211], [606, 284, 635, 353], [636, 312, 667, 386], [679, 213, 701, 261], [506, 198, 526, 242]], "classes": [0, 0, 0, 0, 0, 0, 1, 0, 0, 0, 0], "scores": [0.8977001309394836, 0.8895239233970642, 0.8716262578964233, 0.8520193696022034, 0.8475225567817688, 0.8423750996589661, 0.8341665863990784, 0.8278876543045044, 0.7754915952682495, 0.6094636917114258, 0.5519113540649414]}