{"bboxes": [[512, 415, 562, 524], [370, 324, 408, 406], [647, 448, 697, 563], [580, 363, 617, 448], [323, 417, 373, 529], [474, 233, 499, 289], [629, 286, 656, 348], [580, 235, 605, 290], [670, 313, 700, 383], [622, 220, 643, 269], [622, 152, 658, 188], [646, 235, 668, 283], [648, 208, 668, 249]], "classes": [0, 0, 0, 0, 0, 0, 0, 0, 0, 0, 1, 0, 0], "scores": [0.9585796594619751, 0.8897063732147217, 0.8873900175094604, 0.8852035999298096, 0.8592629432678223, 0.855549693107605, 0.8521133065223694, 0.8395767211914062, 0.8137603402137756, 0.6764025688171387, 0.6663625240325928, 0.6621662974357605, 0.3107648193836212]}