{"bboxes": [[495, 465, 549, 585], [385, 310, 420, 387], [347, 387, 392, 491], [646, 507, 701, 636], [576, 249, 603, 309], [483, 224, 508, 275], [573, 397, 613, 491], [671, 338, 703, 417], [625, 302, 655, 372], [645, 247, 668, 299], [621, 156, 657, 192], [620, 229, 643, 281], [649, 214, 670, 259], [679, 190, 699, 235]], "classes": [0, 0, 0, 0, 0, 0, 0, 0, 0, 0, 1, 0, 0, 0], "scores": [0.948488175868988, 0.8944370150566101, 0.8926271200180054, 0.8894004225730896, 0.866738498210907, 0.86384117603302, 0.8453370332717896, 0.8158960938453674, 0.8060148358345032, 0.770069420337677, 0.7564516663551331, 0.7169373631477356, 0.5432835221290588, 0.4468832314014435]}