{"bboxes": [[554, 301, 588, 377], [541, 540, 596, 671], [415, 279, 446, 341], [398, 329, 435, 412], [662, 436, 709, 545], [615, 367, 652, 451], [648, 244, 673, 296], [614, 163, 654, 204], [499, 205, 521, 250], [641, 288, 669, 352], [610, 264, 638, 329], [679, 206, 700, 253]], "classes": [0, 0, 0, 0, 0, 0, 0, 1, 0, 0, 0, 0], "scores": [0.8911632895469666, 0.865104615688324, 0.8544901013374329, 0.848518967628479, 0.8393421769142151, 0.8386477828025818, 0.8294752836227417, 0.8282641768455505, 0.7553420066833496, 0.7205738425254822, 0.7142543792724609, 0.5375570058822632]}