{"bboxes": [[495, 465, 549, 585], [385, 310, 420, 387], [347, 387, 392, 491], [646, 507, 701, 636], [576, 249, 603, 309], [483, 224, 508, 275], [573, 397, 613, 491], [671, 338, 703, 417], [625, 302, 655, 372], [645, 247, 668, 299], [621, 156, 657, 192], [620, 229, 643, 281], [649, 214, 670, 259], [679, 190, 699, 235]], "classes": [0, 0, 0, 0, 0, 0, 0, 0, 0, 0, 1, 0, 0, 0], "scores": [0.9479305148124695, 0.8957442045211792, 0.892087459564209, 0.8891244530677795, 0.8670002222061157, 0.8642625212669373, 0.8449464440345764, 0.8163052797317505, 0.8066087961196899, 0.7693544030189514, 0.757116973400116, 0.7169111967086792, 0.5448174476623535, 0.44591447710990906]}