{"bboxes": [[415, 310, 449, 388], [541, 333, 578, 416], [654, 504, 711, 636], [609, 403, 652, 498], [426, 270, 457, 322], [647, 258, 674, 315], [610, 169, 650, 212], [606, 284, 635, 353], [636, 312, 667, 386], [679, 213, 701, 261], [506, 198, 526, 242]], "classes": [0, 0, 0, 0, 0, 0, 1, 0, 0, 0, 0], "scores": [0.8966463208198547, 0.889792263507843, 0.8713895082473755, 0.8527131080627441, 0.8477073907852173, 0.8432658314704895, 0.8335704803466797, 0.8280025124549866, 0.7764926552772522, 0.6085953712463379, 0.551586389541626]}