{"bboxes": [[477, 514, 536, 647], [364, 369, 406, 466], [644, 257, 668, 313], [569, 262, 598, 325], [393, 302, 429, 375], [669, 362, 704, 447], [646, 568, 707, 712], [621, 317, 654, 392], [487, 219, 510, 268], [617, 238, 640, 291], [565, 425, 611, 532], [618, 158, 656, 195], [648, 222, 671, 267], [678, 194, 700, 239]], "classes": [0, 0, 0, 0, 0, 0, 0, 0, 0, 0, 0, 1, 0, 0], "scores": [0.9410260319709778, 0.8725980520248413, 0.8716886639595032, 0.8520857095718384, 0.8485203385353088, 0.8463655114173889, 0.8237994313240051, 0.8211382627487183, 0.8146060705184937, 0.8009503483772278, 0.8007400631904602, 0.7895814180374146, 0.6642869710922241, 0.42718762159347534]}