{"bboxes": [[608, 431, 657, 540], [534, 360, 575, 449], [427, 300, 460, 372], [604, 299, 636, 373], [648, 269, 677, 331], [609, 172, 650, 215], [639, 326, 673, 407], [435, 257, 463, 312], [654, 565, 715, 709], [683, 218, 705, 267], [513, 191, 534, 235]], "classes": [0, 0, 0, 0, 0, 1, 0, 0, 0, 0, 0], "scores": [0.9301308393478394, 0.9172742366790771, 0.8453788161277771, 0.8308598399162292, 0.8246602416038513, 0.8162679672241211, 0.7969533801078796, 0.7927563786506653, 0.7192530632019043, 0.7143934369087219, 0.6363556385040283]}