{"bboxes": [[241, 514, 301, 652], [463, 597, 529, 718], [611, 562, 671, 703], [543, 335, 580, 419], [456, 255, 485, 319], [674, 263, 699, 324], [637, 253, 661, 307], [593, 304, 623, 373], [330, 364, 373, 457], [649, 354, 686, 440], [592, 210, 614, 259], [627, 143, 665, 178], [626, 200, 646, 244]], "classes": [0, 0, 0, 0, 0, 0, 0, 0, 0, 0, 0, 1, 0], "scores": [0.9338241815567017, 0.9205014705657959, 0.9079650044441223, 0.8762049078941345, 0.8752490282058716, 0.8655419945716858, 0.8534615635871887, 0.8427542448043823, 0.8165661692619324, 0.7728795409202576, 0.6939012408256531, 0.5992189645767212, 0.4249468147754669]}