{"bboxes": [[301, 446, 353, 565], [525, 385, 569, 481], [649, 410, 694, 515], [470, 239, 496, 297], [360, 338, 399, 423], [587, 341, 620, 420], [632, 274, 658, 332], [672, 292, 701, 361], [585, 226, 610, 278], [624, 149, 663, 185], [624, 212, 645, 260], [649, 229, 670, 274]], "classes": [0, 0, 0, 0, 0, 0, 0, 0, 0, 1, 0, 0], "scores": [0.9244993925094604, 0.9161649942398071, 0.8834584951400757, 0.8757758140563965, 0.8635808825492859, 0.8418866395950317, 0.8323200941085815, 0.8211356997489929, 0.7548032402992249, 0.6916664242744446, 0.6197021007537842, 0.5059327483177185]}