{"bboxes": [[521, 422, 570, 535], [603, 261, 628, 318], [427, 294, 458, 368], [687, 473, 738, 592], [562, 278, 591, 345], [619, 416, 664, 520], [650, 290, 679, 359], [270, 422, 321, 536], [645, 226, 666, 273], [676, 228, 699, 280], [630, 139, 664, 170], [599, 189, 619, 234]], "classes": [0, 0, 0, 0, 0, 0, 0, 0, 0, 0, 1, 0], "scores": [0.9067196846008301, 0.8720157742500305, 0.8651462197303772, 0.8577196598052979, 0.839518129825592, 0.8350226283073425, 0.799363911151886, 0.7699803709983826, 0.7191964983940125, 0.677902340888977, 0.5733652710914612, 0.3893505036830902]}