{"bboxes": [[271, 475, 328, 605], [532, 358, 573, 449], [460, 247, 488, 307], [588, 321, 620, 396], [672, 277, 699, 342], [343, 349, 385, 439], [632, 263, 657, 319], [647, 381, 687, 475], [586, 218, 610, 269], [623, 149, 660, 183], [623, 206, 644, 253], [648, 222, 669, 266]], "classes": [0, 0, 0, 0, 0, 0, 0, 0, 0, 1, 0, 0], "scores": [0.9138563275337219, 0.9138471484184265, 0.8696621656417847, 0.8584564328193665, 0.8470097780227661, 0.8417593240737915, 0.8293589949607849, 0.818434476852417, 0.7294576168060303, 0.6217984557151794, 0.4973389506340027, 0.48574885725975037]}