{"bboxes": [[301, 446, 353, 565], [525, 385, 569, 481], [649, 410, 694, 515], [470, 239, 496, 297], [360, 338, 399, 423], [587, 341, 620, 420], [632, 274, 658, 332], [672, 292, 701, 361], [585, 226, 610, 278], [624, 149, 663, 185], [624, 212, 645, 260], [649, 229, 670, 274]], "classes": [0, 0, 0, 0, 0, 0, 0, 0, 0, 1, 0, 0], "scores": [0.9252323508262634, 0.916279137134552, 0.8838610053062439, 0.8764415383338928, 0.863502562046051, 0.8403923511505127, 0.831624448299408, 0.8216155171394348, 0.7554566264152527, 0.6889144778251648, 0.622005820274353, 0.514355480670929]}