{"bboxes": [[200, 551, 268, 706], [483, 532, 542, 671], [446, 265, 476, 332], [695, 591, 756, 715], [548, 315, 583, 393], [612, 508, 668, 639], [595, 288, 623, 354], [311, 379, 357, 480], [673, 250, 698, 310], [637, 244, 661, 295], [648, 332, 681, 412], [594, 204, 615, 250], [627, 141, 664, 176]], "classes": [0, 0, 0, 0, 0, 0, 0, 0, 0, 0, 0, 0, 1], "scores": [0.939798891544342, 0.8910189867019653, 0.8885778188705444, 0.8856754899024963, 0.8839014172554016, 0.8763817548751831, 0.8458672165870667, 0.826836884021759, 0.8153015375137329, 0.7960601449012756, 0.7864782810211182, 0.6257554888725281, 0.6097869277000427]}