{"bboxes": [[161, 603, 231, 718], [503, 476, 559, 603], [616, 464, 668, 583], [555, 297, 587, 370], [439, 278, 469, 346], [693, 532, 750, 664], [294, 397, 341, 504], [650, 313, 681, 387], [675, 240, 698, 295], [599, 275, 626, 337], [642, 235, 664, 283], [629, 143, 664, 175], [597, 196, 617, 241]], "classes": [0, 0, 0, 0, 0, 0, 0, 0, 0, 0, 0, 1, 0], "scores": [0.9173082709312439, 0.883396327495575, 0.8703160881996155, 0.8645448088645935, 0.8540578484535217, 0.8482294678688049, 0.8343331217765808, 0.8018227815628052, 0.7956075072288513, 0.749452531337738, 0.7475942969322205, 0.6298012137413025, 0.48224398493766785]}