{"bboxes": [[161, 603, 231, 718], [503, 476, 559, 603], [616, 464, 668, 583], [555, 297, 587, 370], [439, 278, 469, 346], [693, 532, 750, 664], [294, 397, 341, 504], [650, 313, 681, 387], [675, 240, 698, 295], [599, 275, 626, 337], [642, 235, 664, 283], [629, 143, 664, 175], [597, 196, 617, 241]], "classes": [0, 0, 0, 0, 0, 0, 0, 0, 0, 0, 0, 1, 0], "scores": [0.9176343679428101, 0.8831591010093689, 0.8699643015861511, 0.8637220859527588, 0.8533540964126587, 0.8473634123802185, 0.8349522352218628, 0.8004812598228455, 0.7932448387145996, 0.749087929725647, 0.7452945113182068, 0.6303848028182983, 0.48092812299728394]}