{"bboxes": [[685, 435, 734, 548], [417, 308, 450, 385], [534, 387, 578, 489], [567, 267, 593, 328], [605, 249, 629, 304], [621, 388, 662, 482], [651, 275, 679, 340], [244, 445, 299, 567], [646, 221, 667, 266], [678, 220, 699, 268], [631, 138, 664, 167]], "classes": [0, 0, 0, 0, 0, 0, 0, 0, 0, 0, 1], "scores": [0.9140543937683105, 0.893553614616394, 0.8892790079116821, 0.8576400279998779, 0.8547015190124512, 0.8288767337799072, 0.7874207496643066, 0.7644067406654358, 0.6777689456939697, 0.6371147036552429, 0.5649108290672302]}