{"bboxes": [[241, 514, 301, 652], [463, 597, 529, 718], [611, 562, 671, 703], [542, 334, 579, 418], [456, 255, 485, 319], [674, 263, 699, 324], [637, 253, 661, 307], [593, 304, 623, 373], [330, 364, 373, 457], [649, 354, 686, 440], [592, 210, 614, 259], [627, 143, 665, 178], [626, 200, 646, 244]], "classes": [0, 0, 0, 0, 0, 0, 0, 0, 0, 0, 0, 1, 0], "scores": [0.9343147873878479, 0.9206297397613525, 0.9076977968215942, 0.8763456344604492, 0.8759432435035706, 0.8654037714004517, 0.8534376621246338, 0.8433125019073486, 0.8150540590286255, 0.7744136452674866, 0.6904184222221375, 0.6034687757492065, 0.42428481578826904]}