{"bboxes": [[181, 506, 249, 648], [391, 339, 428, 426], [554, 334, 592, 422], [682, 378, 723, 473], [577, 241, 602, 297], [628, 340, 662, 424], [610, 230, 633, 280], [653, 250, 677, 307], [632, 136, 663, 165], [648, 206, 668, 249], [680, 206, 700, 251]], "classes": [0, 0, 0, 0, 0, 0, 0, 0, 1, 0, 0], "scores": [0.9188527464866638, 0.8949699401855469, 0.8636453747749329, 0.8271214365959167, 0.8180234432220459, 0.786493718624115, 0.7580457925796509, 0.7558977603912354, 0.4217047393321991, 0.39285802841186523, 0.3777071237564087]}