{"bboxes": [[327, 414, 375, 525], [679, 313, 710, 387], [576, 276, 605, 345], [631, 282, 659, 351], [585, 213, 606, 261], [655, 220, 676, 268], [619, 206, 639, 251]], "classes": [0, 0, 0, 0, 0, 0, 0], "scores": [0.9464008212089539, 0.8273980021476746, 0.8176222443580627, 0.8128939867019653, 0.5443131327629089, 0.3624241054058075, 0.3524496257305145]}