{"bboxes": [[404, 323, 439, 405], [682, 405, 727, 506], [214, 477, 273, 607], [545, 359, 585, 454], [570, 254, 596, 313], [607, 241, 631, 292], [651, 262, 676, 322], [625, 364, 661, 451], [647, 213, 668, 258], [678, 213, 699, 260], [631, 137, 663, 166]], "classes": [0, 0, 0, 0, 0, 0, 0, 0, 0, 0, 1], "scores": [0.8996211886405945, 0.84824538230896, 0.8469803929328918, 0.8439260721206665, 0.8376914858818054, 0.822597861289978, 0.7887089848518372, 0.7728418111801147, 0.602172315120697, 0.5812858939170837, 0.5294492244720459]}