{"bboxes": [[547, 565, 616, 706], [302, 441, 354, 562], [579, 262, 608, 328], [634, 270, 661, 334], [678, 297, 709, 368], [590, 206, 611, 251], [657, 213, 678, 261], [620, 200, 641, 244]], "classes": [0, 0, 0, 0, 0, 0, 0, 0], "scores": [0.9497745037078857, 0.9074946045875549, 0.8674131035804749, 0.8344817161560059, 0.8101300001144409, 0.586887776851654, 0.45757365226745605, 0.317728728055954]}