{"bboxes": [[680, 329, 714, 410], [350, 385, 393, 487], [571, 290, 603, 365], [89, 605, 171, 718], [631, 297, 662, 371], [583, 222, 606, 271], [656, 230, 678, 279], [618, 213, 639, 260], [634, 132, 664, 161]], "classes": [0, 0, 0, 0, 0, 0, 0, 0, 1], "scores": [0.8389526009559631, 0.8315221071243286, 0.7963024973869324, 0.7806337475776672, 0.7718896269798279, 0.614097535610199, 0.5521605014801025, 0.4436616003513336, 0.33516159653663635]}