{"bboxes": [[181, 506, 249, 648], [391, 340, 428, 427], [554, 334, 591, 421], [682, 378, 723, 473], [577, 241, 602, 297], [628, 340, 662, 424], [610, 230, 633, 280], [653, 250, 677, 307], [632, 136, 663, 165], [648, 206, 668, 249], [680, 206, 700, 251]], "classes": [0, 0, 0, 0, 0, 0, 0, 0, 1, 0, 0], "scores": [0.9185803532600403, 0.8968469500541687, 0.8640567660331726, 0.8276029229164124, 0.8180865049362183, 0.7873573899269104, 0.7566801905632019, 0.7561028003692627, 0.42067602276802063, 0.393684446811676, 0.37973061203956604]}