{"bboxes": [[685, 435, 734, 548], [417, 307, 450, 384], [533, 387, 577, 489], [567, 267, 594, 328], [605, 249, 629, 304], [621, 387, 662, 482], [651, 275, 679, 340], [244, 446, 299, 568], [646, 221, 667, 266], [678, 221, 699, 269], [631, 138, 664, 168]], "classes": [0, 0, 0, 0, 0, 0, 0, 0, 0, 0, 1], "scores": [0.9115130305290222, 0.896014928817749, 0.8934210538864136, 0.8613747954368591, 0.857848048210144, 0.829835832118988, 0.7890744805335999, 0.7864751219749451, 0.6817267537117004, 0.6221529841423035, 0.5371603965759277]}