{"bboxes": [[142, 540, 216, 695], [561, 315, 594, 394], [680, 354, 718, 443], [373, 358, 412, 451], [579, 233, 603, 285], [628, 319, 661, 398], [611, 221, 633, 270], [653, 241, 675, 293], [633, 134, 665, 163], [680, 200, 700, 244], [648, 199, 668, 242]], "classes": [0, 0, 0, 0, 0, 0, 0, 0, 1, 0, 0], "scores": [0.9051839709281921, 0.8915340304374695, 0.8798887729644775, 0.837575376033783, 0.8086980581283569, 0.7979204654693604, 0.6702796816825867, 0.6060650944709778, 0.3739519715309143, 0.3206363618373871, 0.30369237065315247]}