{"bboxes": [[680, 329, 714, 410], [350, 385, 393, 487], [571, 289, 603, 364], [89, 605, 171, 718], [631, 297, 662, 371], [583, 222, 606, 271], [656, 230, 678, 279], [618, 213, 639, 260], [634, 132, 664, 161]], "classes": [0, 0, 0, 0, 0, 0, 0, 0, 1], "scores": [0.8386760950088501, 0.8297565579414368, 0.7959598302841187, 0.7774348258972168, 0.7716264128684998, 0.6139479875564575, 0.5616970062255859, 0.4415879547595978, 0.33728134632110596]}