{"bboxes": [[547, 565, 616, 706], [302, 441, 354, 562], [579, 262, 608, 328], [634, 270, 661, 334], [678, 297, 709, 368], [590, 206, 611, 251], [657, 213, 678, 261], [620, 200, 641, 244]], "classes": [0, 0, 0, 0, 0, 0, 0, 0], "scores": [0.9493106007575989, 0.9074848890304565, 0.8687588572502136, 0.835020124912262, 0.8094339966773987, 0.5848725438117981, 0.45678141713142395, 0.315893292427063]}