{"bboxes": [[560, 505, 622, 633], [273, 480, 329, 613], [634, 256, 659, 317], [585, 251, 611, 313], [678, 282, 706, 349], [593, 200, 614, 244]], "classes": [0, 0, 0, 0, 0, 0], "scores": [0.936507523059845, 0.9303520917892456, 0.8283101320266724, 0.757980227470398, 0.7509012818336487, 0.47565436363220215]}