{"bboxes": [[650, 517, 709, 650], [601, 332, 639, 418], [676, 229, 699, 283], [639, 214, 661, 263], [603, 208, 625, 257], [526, 190, 545, 234]], "classes": [0, 0, 0, 0, 0, 0], "scores": [0.9287922978401184, 0.9042837619781494, 0.7410008907318115, 0.5761306285858154, 0.5509568452835083, 0.5169804692268372]}