{"bboxes": [[650, 517, 709, 650], [601, 332, 639, 418], [676, 229, 699, 283], [639, 214, 661, 263], [603, 208, 625, 257], [526, 190, 545, 234]], "classes": [0, 0, 0, 0, 0, 0], "scores": [0.928864598274231, 0.9038158655166626, 0.74027019739151, 0.5741115212440491, 0.5511749982833862, 0.5193795561790466]}