{"bboxes": [[587, 384, 632, 481], [638, 228, 661, 282], [677, 247, 701, 305], [597, 222, 619, 274], [647, 622, 711, 717]], "classes": [0, 0, 0, 0, 0], "scores": [0.8991988301277161, 0.8222249746322632, 0.782106876373291, 0.7534247636795044, 0.6041679382324219]}