{"bboxes": [[191, 573, 262, 718], [578, 414, 629, 521], [592, 231, 617, 285], [637, 235, 661, 293], [677, 257, 702, 318]], "classes": [0, 0, 0, 0, 0], "scores": [0.9511980414390564, 0.9420343637466431, 0.8771721720695496, 0.8647588491439819, 0.7793363928794861]}