{"bboxes": [[235, 521, 299, 664], [571, 455, 626, 573], [590, 241, 616, 298], [636, 247, 661, 306], [677, 268, 704, 332], [595, 193, 616, 237], [623, 192, 643, 235]], "classes": [0, 0, 0, 0, 0, 0, 0], "scores": [0.9413076639175415, 0.9360373020172119, 0.8923302888870239, 0.8574885129928589, 0.7667599320411682, 0.4607011079788208, 0.3022139072418213]}