{"bboxes": [[235, 521, 299, 664], [570, 455, 625, 573], [590, 241, 616, 298], [636, 247, 661, 306], [677, 268, 704, 332], [595, 193, 616, 237], [623, 192, 643, 235]], "classes": [0, 0, 0, 0, 0, 0, 0], "scores": [0.9410833716392517, 0.9360610842704773, 0.8920465707778931, 0.857807993888855, 0.7665112018585205, 0.4612957537174225, 0.3023335337638855]}