{"bboxes": [[647, 567, 710, 709], [592, 356, 635, 446], [675, 237, 698, 293], [638, 221, 660, 272], [598, 215, 620, 266], [529, 185, 548, 229]], "classes": [0, 0, 0, 0, 0, 0], "scores": [0.9056458473205566, 0.8880543112754822, 0.8241534233093262, 0.7208045721054077, 0.6725379824638367, 0.34892770648002625]}