{"bboxes": [[649, 478, 703, 600], [604, 313, 639, 392], [498, 606, 559, 716], [675, 222, 697, 274], [604, 202, 625, 249], [639, 209, 660, 255], [518, 194, 539, 240]], "classes": [0, 0, 0, 0, 0, 0, 0], "scores": [0.9187914133071899, 0.8702818751335144, 0.8070793151855469, 0.7424868941307068, 0.5464428663253784, 0.48615244030952454, 0.44800686836242676]}