{"bboxes": [[587, 384, 632, 481], [638, 228, 661, 282], [677, 247, 701, 305], [597, 222, 619, 274], [647, 622, 711, 717]], "classes": [0, 0, 0, 0, 0], "scores": [0.8990999460220337, 0.8243995308876038, 0.7820294499397278, 0.7534031271934509, 0.6060426831245422]}