{"bboxes": [[650, 414, 697, 518], [610, 277, 642, 347], [536, 480, 588, 599], [507, 205, 528, 252], [673, 209, 694, 257], [609, 191, 629, 235], [640, 198, 660, 241]], "classes": [0, 0, 0, 0, 0, 0, 0], "scores": [0.9075939059257507, 0.858004093170166, 0.8439953327178955, 0.6931813359260559, 0.6275290846824646, 0.39537855982780457, 0.35943347215652466]}