{"bboxes": [[620, 241, 646, 297], [655, 348, 695, 438], [488, 221, 512, 274], [568, 369, 606, 457]], "classes": [0, 0, 0, 0], "scores": [0.8906238675117493, 0.8295863270759583, 0.8223955631256104, 0.7663547396659851]}