{"bboxes": [[520, 536, 577, 668], [650, 442, 701, 555], [608, 292, 643, 367], [514, 198, 535, 245], [675, 214, 697, 265], [608, 197, 629, 241], [641, 203, 662, 248]], "classes": [0, 0, 0, 0, 0, 0, 0], "scores": [0.9006673097610474, 0.8716690540313721, 0.8106491565704346, 0.6798338890075684, 0.5954301357269287, 0.48225095868110657, 0.37539517879486084]}