{"bboxes": [[520, 536, 577, 668], [650, 442, 701, 555], [608, 292, 643, 367], [514, 198, 535, 245], [675, 214, 697, 265], [608, 197, 629, 241], [641, 203, 662, 248]], "classes": [0, 0, 0, 0, 0, 0, 0], "scores": [0.9003918766975403, 0.8714701533317566, 0.8103951811790466, 0.6788705587387085, 0.5943946838378906, 0.4824601411819458, 0.37472227215766907]}