{"bboxes": [[471, 235, 496, 293], [624, 223, 648, 275], [660, 315, 695, 394], [584, 321, 617, 398]], "classes": [0, 0, 0, 0], "scores": [0.8650822043418884, 0.8487877249717712, 0.8389767408370972, 0.7764079570770264]}