{"bboxes": [[621, 230, 646, 285], [577, 343, 612, 427], [658, 330, 695, 414], [478, 228, 503, 285]], "classes": [0, 0, 0, 0], "scores": [0.8615902662277222, 0.85887610912323, 0.8475303649902344, 0.8337332606315613]}