{"bboxes": [[618, 251, 646, 312], [653, 369, 694, 461], [559, 400, 601, 498], [493, 215, 516, 266], [673, 198, 693, 244]], "classes": [0, 0, 0, 0, 0], "scores": [0.8914403319358826, 0.8310896754264832, 0.7647374272346497, 0.7594550848007202, 0.4537578225135803]}