{"bboxes": [[616, 264, 645, 328], [653, 389, 697, 487], [549, 434, 596, 544], [501, 210, 523, 259], [674, 203, 695, 248]], "classes": [0, 0, 0, 0, 0], "scores": [0.8881757855415344, 0.8631390929222107, 0.8316178321838379, 0.8027399778366089, 0.5162990093231201]}