{"bboxes": [[616, 264, 645, 328], [653, 389, 697, 487], [549, 434, 596, 544], [501, 210, 523, 259], [674, 203, 695, 248]], "classes": [0, 0, 0, 0, 0], "scores": [0.8875681161880493, 0.8627802729606628, 0.829852283000946, 0.8013486862182617, 0.5209077000617981]}