{"bboxes": [[620, 241, 646, 297], [655, 348, 695, 438], [488, 221, 512, 274], [568, 369, 606, 457]], "classes": [0, 0, 0, 0], "scores": [0.8906919360160828, 0.830469012260437, 0.8221214413642883, 0.7652387619018555]}