{"bboxes": [[426, 275, 458, 349], [604, 252, 629, 308], [666, 259, 694, 323], [632, 193, 653, 237], [529, 198, 549, 240]], "classes": [0, 0, 0, 0, 0], "scores": [0.8899223208427429, 0.8713837265968323, 0.7683734893798828, 0.45980575680732727, 0.32842326164245605]}