{"bboxes": [[462, 245, 488, 304], [660, 300, 694, 376], [588, 301, 619, 373], [624, 215, 647, 264]], "classes": [0, 0, 0, 0], "scores": [0.8079695105552673, 0.7738738656044006, 0.762586772441864, 0.7575257420539856]}