{"bboxes": [[401, 302, 436, 382], [668, 242, 694, 299], [609, 232, 632, 283], [516, 204, 537, 251]], "classes": [0, 0, 0, 0], "scores": [0.9057302474975586, 0.8611864447593689, 0.8051866292953491, 0.602354884147644]}