{"bboxes": [[449, 256, 480, 319], [596, 281, 623, 346], [665, 284, 695, 356], [628, 207, 649, 253]], "classes": [0, 0, 0, 0], "scores": [0.8653849959373474, 0.7192802429199219, 0.7026070356369019, 0.5365379452705383]}