{"bboxes": [[401, 302, 435, 382], [669, 242, 695, 299], [609, 232, 632, 283], [516, 204, 537, 251]], "classes": [0, 0, 0, 0], "scores": [0.9037259817123413, 0.8616372346878052, 0.8047440648078918, 0.6016444563865662]}