{"bboxes": [[414, 288, 447, 366], [606, 241, 630, 294], [668, 251, 695, 311], [519, 199, 541, 243]], "classes": [0, 0, 0, 0], "scores": [0.886166512966156, 0.84389328956604, 0.8299567103385925, 0.3056485056877136]}