{"bboxes": [[426, 275, 458, 349], [604, 252, 629, 308], [666, 259, 694, 323], [632, 193, 653, 237], [529, 198, 549, 240]], "classes": [0, 0, 0, 0, 0], "scores": [0.890296459197998, 0.8718276619911194, 0.7670803666114807, 0.46391037106513977, 0.3287672996520996]}