{"bboxes": [[471, 235, 497, 293], [624, 223, 648, 275], [660, 315, 695, 394], [584, 321, 617, 398]], "classes": [0, 0, 0, 0], "scores": [0.8663267493247986, 0.8486406803131104, 0.839481770992279, 0.7767310738563538]}