{"bboxes": [[438, 262, 468, 331], [664, 274, 694, 341], [597, 268, 623, 328], [628, 200, 649, 245]], "classes": [0, 0, 0, 0], "scores": [0.8509713411331177, 0.8032166957855225, 0.7650600671768188, 0.41798970103263855]}