{"bboxes": [[449, 256, 480, 319], [596, 281, 623, 345], [665, 284, 695, 356], [628, 207, 649, 253]], "classes": [0, 0, 0, 0], "scores": [0.8650320768356323, 0.7214685082435608, 0.7035616636276245, 0.537429690361023]}