{"bboxes": [[669, 233, 694, 288], [382, 322, 419, 407], [612, 219, 634, 270], [510, 212, 532, 262], [537, 191, 557, 237]], "classes": [0, 0, 0, 0, 0], "scores": [0.8427817821502686, 0.8397986888885498, 0.6927075386047363, 0.6613247394561768, 0.3988344073295593]}