{"bboxes": [[517, 529, 577, 668], [349, 358, 390, 453], [669, 219, 691, 271], [496, 224, 519, 276], [617, 205, 638, 253], [528, 204, 549, 251]], "classes": [0, 0, 0, 0, 0, 0], "scores": [0.8599478602409363, 0.8498280048370361, 0.7494428753852844, 0.7140244841575623, 0.6432455778121948, 0.6380041241645813]}