{"bboxes": [[493, 592, 560, 718], [367, 338, 406, 429], [670, 225, 693, 278], [616, 212, 637, 261], [503, 219, 525, 268], [532, 198, 552, 244]], "classes": [0, 0, 0, 0, 0, 0], "scores": [0.8606522679328918, 0.8594058156013489, 0.8095527291297913, 0.6078543066978455, 0.5822972059249878, 0.5100133419036865]}