{"bboxes": [[564, 576, 632, 717], [305, 407, 354, 517], [553, 428, 605, 544], [479, 242, 504, 298], [516, 216, 539, 265], [670, 208, 692, 257], [621, 193, 642, 238]], "classes": [0, 0, 0, 0, 0, 0, 0], "scores": [0.9243008494377136, 0.8880072832107544, 0.8500725626945496, 0.7331081032752991, 0.7079973816871643, 0.5014875531196594, 0.38601189851760864]}