{"bboxes": [[581, 522, 642, 660], [280, 436, 331, 553], [570, 394, 616, 500], [509, 221, 535, 274], [470, 251, 498, 310], [671, 202, 692, 249], [602, 119, 633, 159]], "classes": [0, 0, 0, 0, 0, 0, 3], "scores": [0.9261073470115662, 0.8800525665283203, 0.8649308681488037, 0.8082126975059509, 0.8030643463134766, 0.5305585861206055, 0.3282230794429779]}