{"bboxes": [[581, 522, 642, 660], [280, 436, 331, 553], [570, 394, 616, 500], [509, 221, 535, 274], [470, 251, 498, 310], [671, 202, 692, 249], [602, 119, 633, 159]], "classes": [0, 0, 0, 0, 0, 0, 3], "scores": [0.9258061051368713, 0.8796650171279907, 0.8653899431228638, 0.8091111779212952, 0.8034212589263916, 0.5308949947357178, 0.33089905977249146]}