{"bboxes": [[493, 592, 560, 718], [367, 338, 406, 429], [670, 225, 693, 278], [616, 212, 637, 261], [503, 219, 525, 268], [532, 198, 552, 244]], "classes": [0, 0, 0, 0, 0, 0], "scores": [0.861295759677887, 0.8592222929000854, 0.80965656042099, 0.6082557439804077, 0.5823853015899658, 0.5095662474632263]}