{"bboxes": [[538, 473, 595, 600], [330, 381, 375, 484], [670, 212, 692, 263], [522, 208, 544, 258], [489, 235, 512, 288], [620, 200, 641, 246]], "classes": [0, 0, 0, 0, 0, 0], "scores": [0.8919406533241272, 0.8912463784217834, 0.6826282739639282, 0.6716595888137817, 0.6629559397697449, 0.5672811269760132]}