{"bboxes": [[593, 476, 649, 603], [249, 474, 306, 600], [459, 261, 487, 325], [501, 231, 526, 285], [582, 365, 621, 458], [472, 228, 494, 272], [670, 197, 690, 244], [601, 118, 632, 159]], "classes": [0, 0, 0, 0, 0, 0, 0, 3], "scores": [0.9433692097663879, 0.885286271572113, 0.8299666047096252, 0.7897786498069763, 0.7748199701309204, 0.5462332367897034, 0.4643682837486267, 0.38480594754219055]}