{"bboxes": [[538, 473, 595, 600], [330, 381, 375, 484], [670, 212, 692, 263], [522, 208, 544, 258], [489, 235, 512, 288], [620, 200, 641, 246]], "classes": [0, 0, 0, 0, 0, 0], "scores": [0.8916083574295044, 0.8910009264945984, 0.6835987567901611, 0.670150637626648, 0.6642415523529053, 0.5670959949493408]}