{"bboxes": [[198, 528, 267, 663], [485, 571, 549, 716], [605, 427, 656, 542], [445, 277, 476, 346], [490, 241, 516, 299], [593, 336, 628, 422], [460, 238, 483, 286], [622, 628, 683, 717], [529, 188, 549, 232], [670, 192, 690, 238], [599, 121, 630, 161]], "classes": [0, 0, 0, 0, 0, 0, 0, 0, 0, 0, 3], "scores": [0.9468542337417603, 0.9306051731109619, 0.922690749168396, 0.8351776599884033, 0.7965595126152039, 0.721412181854248, 0.6459677219390869, 0.5618360042572021, 0.39967191219329834, 0.3767739534378052, 0.35400745272636414]}