{"bboxes": [[141, 592, 217, 719], [514, 499, 569, 628], [604, 309, 638, 388], [617, 392, 665, 495], [633, 561, 692, 704], [431, 294, 463, 368], [480, 252, 508, 315], [449, 247, 472, 299], [523, 196, 544, 240], [599, 122, 631, 162]], "classes": [0, 0, 0, 0, 0, 0, 0, 0, 0, 3], "scores": [0.9302166104316711, 0.9301769137382507, 0.8746312856674194, 0.8735488057136536, 0.804593026638031, 0.7916094660758972, 0.7789852023124695, 0.7746471762657166, 0.5383484959602356, 0.40939566493034363]}