{"bboxes": [[198, 528, 267, 663], [485, 571, 549, 716], [605, 427, 656, 542], [445, 277, 476, 346], [490, 240, 516, 298], [593, 336, 628, 422], [460, 238, 483, 286], [623, 628, 684, 717], [529, 188, 549, 232], [670, 192, 690, 238], [599, 121, 631, 161]], "classes": [0, 0, 0, 0, 0, 0, 0, 0, 0, 0, 3], "scores": [0.9462367296218872, 0.931226372718811, 0.9204402565956116, 0.8355829119682312, 0.7964902520179749, 0.7179882526397705, 0.651145339012146, 0.5615862607955933, 0.3980006277561188, 0.37309783697128296, 0.3517017960548401]}