{"bboxes": [[545, 416, 592, 521], [402, 325, 438, 411], [631, 346, 670, 433], [511, 557, 570, 700], [456, 274, 486, 343], [616, 276, 645, 345], [511, 205, 534, 253], [640, 477, 694, 603], [430, 261, 456, 321], [596, 123, 628, 166]], "classes": [0, 0, 0, 0, 0, 0, 0, 0, 0, 3], "scores": [0.9173706769943237, 0.908532440662384, 0.8851383328437805, 0.8498458862304688, 0.8202540874481201, 0.7934025526046753, 0.7857824563980103, 0.7641699314117432, 0.7376874089241028, 0.49225476384162903]}