{"bboxes": [[365, 364, 406, 459], [640, 309, 675, 388], [567, 360, 605, 446], [543, 459, 592, 576], [428, 304, 461, 381], [498, 218, 522, 269], [645, 417, 692, 525], [625, 254, 651, 314], [407, 285, 433, 347], [592, 125, 627, 170]], "classes": [0, 0, 0, 0, 0, 0, 0, 0, 0, 3], "scores": [0.8944669365882874, 0.8937893509864807, 0.872126042842865, 0.8509159088134766, 0.8411398530006409, 0.835769772529602, 0.7974823117256165, 0.7389328479766846, 0.670258641242981, 0.496747225522995]}