{"bboxes": [[342, 388, 388, 496], [575, 338, 612, 420], [556, 424, 602, 534], [481, 573, 541, 714], [646, 394, 691, 497], [644, 294, 677, 368], [491, 225, 515, 279], [413, 320, 448, 402], [629, 242, 654, 299], [591, 124, 627, 170]], "classes": [0, 0, 0, 0, 0, 0, 0, 0, 0, 3], "scores": [0.936292827129364, 0.9127903580665588, 0.8707953095436096, 0.8672821521759033, 0.8521798849105835, 0.833929181098938, 0.8288338780403137, 0.8120189309120178, 0.8011535406112671, 0.5668588280677795]}