{"bboxes": [[385, 345, 424, 437], [635, 326, 673, 409], [644, 445, 695, 563], [558, 387, 600, 482], [444, 291, 476, 363], [620, 264, 648, 329], [529, 502, 584, 633], [505, 210, 528, 261], [419, 273, 445, 334], [594, 124, 627, 167]], "classes": [0, 0, 0, 0, 0, 0, 0, 0, 0, 3], "scores": [0.892213761806488, 0.8918254375457764, 0.8507789969444275, 0.8496496677398682, 0.8379569053649902, 0.8040210604667664, 0.7756357789039612, 0.7371156811714172, 0.6315146088600159, 0.42138728499412537]}