{"bboxes": [[385, 344, 424, 436], [635, 326, 673, 409], [644, 445, 695, 562], [558, 387, 600, 482], [444, 291, 476, 363], [620, 264, 648, 329], [529, 502, 584, 633], [505, 210, 527, 261], [419, 273, 445, 334], [594, 124, 627, 167]], "classes": [0, 0, 0, 0, 0, 0, 0, 0, 0, 3], "scores": [0.8916755318641663, 0.8916285634040833, 0.8517841696739197, 0.8498178124427795, 0.8352764844894409, 0.8046951293945312, 0.7759909629821777, 0.7367926836013794, 0.628878116607666, 0.411878377199173]}