{"bboxes": [[417, 309, 451, 389], [625, 367, 667, 463], [531, 454, 582, 571], [469, 263, 497, 329], [609, 292, 641, 367], [638, 515, 694, 652], [437, 254, 462, 312], [516, 199, 537, 246], [497, 619, 556, 719], [598, 123, 629, 164]], "classes": [0, 0, 0, 0, 0, 0, 0, 0, 0, 3], "scores": [0.892288327217102, 0.861614465713501, 0.8527542352676392, 0.8423877954483032, 0.8322482705116272, 0.7995569109916687, 0.742681622505188, 0.6005787253379822, 0.586918830871582, 0.4223637878894806]}