{"bboxes": [[417, 309, 451, 389], [625, 367, 667, 463], [531, 454, 582, 571], [469, 263, 497, 329], [609, 292, 641, 367], [638, 515, 694, 652], [437, 254, 462, 311], [516, 199, 537, 246], [497, 619, 556, 718], [598, 123, 629, 164]], "classes": [0, 0, 0, 0, 0, 0, 0, 0, 0, 3], "scores": [0.8913684487342834, 0.8623242378234863, 0.8532618880271912, 0.8415481448173523, 0.8330538868904114, 0.7978115677833557, 0.7437248826026917, 0.5965690612792969, 0.5875266790390015, 0.4248487055301666]}