{"bboxes": [[212, 533, 280, 685], [456, 264, 486, 328], [331, 409, 379, 519], [623, 434, 671, 546], [657, 248, 683, 307], [476, 470, 527, 587], [551, 506, 604, 632], [549, 404, 592, 504], [598, 271, 626, 330], [651, 322, 686, 402], [592, 328, 624, 404], [345, 349, 384, 424], [583, 128, 623, 179], [674, 572, 728, 702], [642, 212, 663, 258], [537, 182, 558, 228]], "classes": [0, 0, 0, 0, 0, 0, 0, 0, 0, 0, 0, 0, 3, 0, 0, 0], "scores": [0.9371593594551086, 0.9132559895515442, 0.8996083736419678, 0.8846248984336853, 0.8809797167778015, 0.870955765247345, 0.8563223481178284, 0.8234445452690125, 0.8137398362159729, 0.8122893571853638, 0.8119945526123047, 0.7988601326942444, 0.6763277649879456, 0.5784698724746704, 0.5365725159645081, 0.3051019608974457]}