{"bboxes": [[434, 565, 495, 704], [287, 448, 340, 574], [588, 300, 619, 368], [475, 246, 501, 302], [607, 516, 664, 650], [517, 472, 571, 598], [650, 268, 680, 334], [576, 370, 614, 461], [648, 354, 686, 445], [377, 352, 418, 451], [635, 225, 657, 276], [587, 125, 625, 175], [522, 624, 583, 717], [373, 323, 404, 373]], "classes": [0, 0, 0, 0, 0, 0, 0, 0, 0, 0, 0, 3, 0, 0], "scores": [0.8929509520530701, 0.8690404295921326, 0.8641254305839539, 0.8619688153266907, 0.8502378463745117, 0.8365523219108582, 0.8269434571266174, 0.8166824579238892, 0.7629557251930237, 0.7340579032897949, 0.6988996863365173, 0.6163968443870544, 0.5660256147384644, 0.5195465683937073]}