{"bboxes": [[460, 514, 513, 641], [585, 348, 619, 431], [618, 472, 671, 593], [253, 487, 313, 628], [539, 561, 597, 698], [655, 257, 683, 320], [466, 254, 495, 315], [593, 285, 622, 347], [651, 338, 687, 423], [358, 378, 401, 483], [533, 437, 582, 551], [639, 218, 661, 267], [586, 127, 625, 176], [360, 336, 397, 400]], "classes": [0, 0, 0, 0, 0, 0, 0, 0, 0, 0, 0, 0, 3, 0], "scores": [0.8772760033607483, 0.869415283203125, 0.8681536316871643, 0.8638490438461304, 0.8614685535430908, 0.8578153252601624, 0.8475528955459595, 0.8463762998580933, 0.8087339401245117, 0.7991285920143127, 0.7195037603378296, 0.6644293665885925, 0.6512038111686707, 0.6112049221992493]}