{"bboxes": [[317, 416, 367, 531], [581, 317, 617, 392], [483, 235, 510, 291], [648, 373, 689, 469], [502, 517, 560, 656], [396, 339, 433, 427], [647, 281, 679, 351], [568, 393, 609, 492], [602, 572, 660, 710], [632, 233, 655, 285], [588, 125, 625, 174], [387, 307, 415, 358], [407, 624, 473, 716]], "classes": [0, 0, 0, 0, 0, 0, 0, 0, 0, 0, 3, 0, 0], "scores": [0.9439874887466431, 0.8943701386451721, 0.8935140371322632, 0.8336176872253418, 0.828568160533905, 0.8016204237937927, 0.7978610992431641, 0.7871049642562866, 0.7716002464294434, 0.7457985877990723, 0.5918854475021362, 0.49194109439849854, 0.4172874987125397]}