{"bboxes": [[272, 480, 327, 611], [405, 601, 470, 718], [312, 384, 358, 487], [433, 291, 466, 363], [509, 402, 552, 501], [634, 381, 674, 473], [672, 478, 722, 592], [575, 431, 619, 534], [660, 232, 684, 284], [652, 295, 683, 367], [603, 293, 631, 360], [571, 357, 607, 440], [607, 246, 632, 298], [580, 130, 621, 184], [528, 189, 549, 237], [647, 198, 667, 243], [500, 199, 519, 243]], "classes": [0, 0, 0, 0, 0, 0, 0, 0, 0, 0, 0, 0, 0, 3, 0, 0, 0], "scores": [0.9194996356964111, 0.9013188481330872, 0.8908145427703857, 0.8891230225563049, 0.8610455393791199, 0.8407738208770752, 0.8169466853141785, 0.8154664635658264, 0.8054973483085632, 0.7979989647865295, 0.7856271862983704, 0.7386738657951355, 0.7374752759933472, 0.6778529286384583, 0.5340754389762878, 0.5041786432266235, 0.43567389249801636]}