{"bboxes": [[342, 388, 388, 496], [575, 338, 612, 420], [556, 424, 602, 534], [481, 573, 541, 714], [646, 394, 691, 497], [644, 294, 677, 368], [491, 225, 515, 279], [413, 320, 448, 402], [629, 242, 654, 299], [591, 125, 627, 171]], "classes": [0, 0, 0, 0, 0, 0, 0, 0, 0, 3], "scores": [0.9365034699440002, 0.9122034311294556, 0.8709638118743896, 0.8684079647064209, 0.851660430431366, 0.8342215418815613, 0.8276471495628357, 0.815133273601532, 0.8005094528198242, 0.5687638521194458]}