{"bboxes": [[434, 565, 495, 704], [287, 448, 340, 574], [588, 300, 619, 368], [475, 246, 501, 302], [607, 516, 664, 650], [517, 472, 571, 598], [650, 268, 680, 334], [576, 370, 614, 461], [648, 354, 686, 445], [377, 352, 418, 451], [635, 225, 657, 276], [587, 125, 625, 175], [522, 624, 583, 717], [373, 323, 404, 373]], "classes": [0, 0, 0, 0, 0, 0, 0, 0, 0, 0, 0, 3, 0, 0], "scores": [0.8925098180770874, 0.8697342872619629, 0.8638814091682434, 0.8600480556488037, 0.8495680689811707, 0.8365487456321716, 0.827424168586731, 0.8162844777107239, 0.7629576325416565, 0.7355865240097046, 0.695501446723938, 0.6168810725212097, 0.5658469200134277, 0.5207068920135498]}