{"bboxes": [[272, 480, 327, 611], [405, 601, 470, 718], [312, 384, 358, 487], [433, 291, 466, 363], [509, 402, 552, 501], [634, 381, 674, 473], [672, 478, 722, 592], [575, 431, 620, 534], [660, 232, 684, 284], [652, 295, 683, 367], [603, 293, 631, 360], [607, 246, 632, 298], [571, 357, 607, 440], [580, 130, 621, 184], [528, 189, 549, 237], [647, 198, 667, 243], [500, 199, 519, 243]], "classes": [0, 0, 0, 0, 0, 0, 0, 0, 0, 0, 0, 0, 0, 3, 0, 0, 0], "scores": [0.9196226000785828, 0.9010223150253296, 0.8909046053886414, 0.8896620869636536, 0.8604209423065186, 0.8408864140510559, 0.8174302577972412, 0.816082239151001, 0.8051984310150146, 0.7986454963684082, 0.7862583994865417, 0.7414656281471252, 0.7391712069511414, 0.6793646812438965, 0.5322726964950562, 0.5048536658287048, 0.43312790989875793]}