{"bboxes": [[212, 533, 280, 685], [456, 264, 486, 328], [331, 409, 379, 519], [623, 434, 671, 546], [657, 248, 683, 307], [476, 470, 527, 587], [551, 506, 604, 632], [549, 404, 592, 504], [598, 271, 626, 330], [651, 322, 686, 402], [592, 328, 624, 404], [345, 349, 384, 424], [583, 128, 623, 179], [674, 572, 728, 702], [642, 212, 663, 258], [537, 181, 558, 227]], "classes": [0, 0, 0, 0, 0, 0, 0, 0, 0, 0, 0, 0, 3, 0, 0, 0], "scores": [0.9363654851913452, 0.9127427339553833, 0.9016549587249756, 0.8853850364685059, 0.8811387419700623, 0.8716177940368652, 0.8571553230285645, 0.8218897581100464, 0.8146270513534546, 0.8128538727760315, 0.8123850226402283, 0.8000490069389343, 0.6759291291236877, 0.5782319903373718, 0.5383133292198181, 0.3038872480392456]}