{"bboxes": [[160, 591, 237, 717], [304, 442, 355, 561], [445, 277, 477, 346], [673, 521, 726, 642], [328, 366, 370, 450], [629, 406, 672, 506], [493, 433, 540, 542], [566, 464, 614, 578], [658, 240, 683, 296], [603, 257, 629, 313], [651, 308, 684, 384], [599, 310, 629, 382], [561, 379, 600, 467], [582, 130, 621, 182], [645, 205, 666, 250]], "classes": [0, 0, 0, 0, 0, 0, 0, 0, 0, 0, 0, 0, 0, 3, 0], "scores": [0.9229205846786499, 0.9018197059631348, 0.8906230330467224, 0.8524215221405029, 0.8511294722557068, 0.8492626547813416, 0.8434915542602539, 0.8375013470649719, 0.8372748494148254, 0.8350238800048828, 0.8312525153160095, 0.7905274033546448, 0.7600030303001404, 0.6532766819000244, 0.6010668277740479]}