{"bboxes": [[208, 500, 278, 639], [453, 557, 514, 699], [367, 367, 410, 466], [633, 605, 700, 714], [552, 309, 584, 385], [643, 302, 672, 370], [670, 361, 705, 445], [504, 407, 546, 503], [596, 285, 623, 340], [658, 252, 682, 307], [601, 326, 633, 402], [571, 140, 617, 197], [548, 456, 594, 566], [474, 226, 496, 274], [622, 246, 644, 295], [504, 219, 527, 267], [665, 206, 686, 253], [621, 210, 643, 255]], "classes": [0, 0, 0, 0, 0, 0, 0, 0, 0, 0, 0, 3, 0, 0, 0, 0, 0, 0], "scores": [0.946675181388855, 0.8809219002723694, 0.8721873164176941, 0.8705523610115051, 0.8656829595565796, 0.8651703000068665, 0.8177458643913269, 0.8110643029212952, 0.7830485701560974, 0.7579370141029358, 0.7540091276168823, 0.7536640763282776, 0.7332679629325867, 0.7246875166893005, 0.7017259001731873, 0.638360321521759, 0.5646235942840576, 0.4268586337566376]}