{"bboxes": [[644, 495, 699, 619], [504, 442, 552, 555], [644, 273, 669, 331], [312, 429, 365, 552], [119, 603, 199, 718], [566, 278, 594, 342], [539, 515, 593, 644], [533, 352, 566, 433], [573, 388, 610, 480], [458, 241, 482, 294], [669, 321, 700, 395], [561, 144, 613, 205], [609, 293, 636, 357], [490, 234, 513, 286], [606, 258, 630, 306], [660, 235, 682, 283], [631, 229, 652, 273], [663, 196, 685, 239]], "classes": [0, 0, 0, 0, 0, 0, 0, 0, 0, 0, 0, 3, 0, 0, 0, 0, 0, 0], "scores": [0.9184370040893555, 0.9001298546791077, 0.8852415084838867, 0.8686277866363525, 0.867621123790741, 0.8590283989906311, 0.8586550951004028, 0.8221712112426758, 0.8220006823539734, 0.8049942255020142, 0.7819613814353943, 0.773709774017334, 0.7283393740653992, 0.7054397463798523, 0.697745680809021, 0.5643221139907837, 0.47548818588256836, 0.422786146402359]}