{"bboxes": [[488, 439, 535, 548], [242, 472, 300, 593], [386, 347, 426, 441], [546, 329, 579, 408], [656, 260, 682, 320], [641, 318, 672, 392], [539, 497, 590, 614], [618, 254, 642, 308], [592, 299, 621, 360], [670, 383, 708, 473], [573, 140, 616, 194], [664, 212, 685, 259], [596, 344, 631, 427], [481, 219, 503, 265], [619, 217, 642, 261], [421, 626, 489, 717], [512, 209, 536, 260]], "classes": [0, 0, 0, 0, 0, 0, 0, 0, 0, 0, 3, 0, 0, 0, 0, 0, 0], "scores": [0.9074889421463013, 0.9035508632659912, 0.8946478962898254, 0.8779486417770386, 0.8712446093559265, 0.8649395704269409, 0.8644999861717224, 0.8488110899925232, 0.8199748992919922, 0.7839802503585815, 0.7365016341209412, 0.6922693252563477, 0.6800973415374756, 0.6174039244651794, 0.5535874366760254, 0.5519046783447266, 0.5002898573875427]}