{"bboxes": [[644, 495, 699, 619], [504, 442, 552, 555], [644, 273, 669, 331], [312, 429, 365, 552], [119, 603, 199, 718], [566, 278, 594, 342], [539, 515, 593, 644], [533, 352, 566, 433], [573, 389, 610, 481], [458, 241, 482, 294], [669, 321, 700, 395], [561, 144, 613, 205], [609, 293, 636, 357], [490, 234, 513, 286], [606, 258, 630, 305], [660, 235, 682, 283], [631, 229, 652, 273], [663, 196, 685, 239]], "classes": [0, 0, 0, 0, 0, 0, 0, 0, 0, 0, 0, 3, 0, 0, 0, 0, 0, 0], "scores": [0.9184113144874573, 0.8999624848365784, 0.8859037160873413, 0.8688433766365051, 0.8666497468948364, 0.8596743941307068, 0.8579379320144653, 0.8239056468009949, 0.8226557374000549, 0.8043978810310364, 0.7829785346984863, 0.7725492715835571, 0.729096531867981, 0.7054848670959473, 0.6993082761764526, 0.5659322142601013, 0.4746500551700592, 0.4224852919578552]}