{"bboxes": [[402, 327, 440, 415], [467, 480, 517, 599], [170, 594, 244, 718], [536, 348, 572, 433], [640, 335, 673, 413], [268, 441, 322, 555], [656, 270, 683, 332], [670, 407, 712, 503], [522, 548, 579, 680], [615, 264, 640, 323], [663, 218, 685, 266], [586, 315, 618, 384], [592, 371, 628, 455], [577, 138, 618, 190], [487, 213, 508, 259], [617, 225, 639, 269], [517, 204, 539, 253]], "classes": [0, 0, 0, 0, 0, 0, 0, 0, 0, 0, 0, 0, 0, 3, 0, 0, 0], "scores": [0.9055334329605103, 0.905427098274231, 0.9000260233879089, 0.8935855031013489, 0.8788833022117615, 0.8733447194099426, 0.8701946139335632, 0.8589387536048889, 0.8306400179862976, 0.8275697827339172, 0.7818038463592529, 0.7800594568252563, 0.7153122425079346, 0.6311971545219421, 0.6290274262428284, 0.6032572984695435, 0.5073137283325195]}