{"bboxes": [[166, 557, 240, 702], [341, 398, 389, 512], [645, 286, 672, 346], [643, 538, 703, 671], [488, 486, 540, 611], [563, 413, 605, 513], [561, 290, 591, 361], [524, 573, 583, 712], [604, 269, 629, 320], [671, 339, 703, 415], [566, 142, 616, 201], [523, 375, 558, 461], [608, 310, 636, 376], [466, 234, 489, 285], [498, 227, 522, 277], [666, 199, 686, 244], [661, 243, 683, 292], [629, 237, 650, 281]], "classes": [0, 0, 0, 0, 0, 0, 0, 0, 0, 0, 3, 0, 0, 0, 0, 0, 0, 0], "scores": [0.9491236209869385, 0.9289258122444153, 0.9061509370803833, 0.8885293006896973, 0.8858015537261963, 0.858416736125946, 0.8304991126060486, 0.8029826283454895, 0.802553653717041, 0.779737651348114, 0.7687084078788757, 0.7596051096916199, 0.739307701587677, 0.6857668161392212, 0.5858543515205383, 0.49756336212158203, 0.49585604667663574, 0.4120573401451111]}