{"bboxes": [[467, 480, 517, 599], [402, 327, 440, 415], [170, 594, 244, 718], [536, 348, 572, 433], [640, 335, 673, 413], [268, 441, 322, 555], [656, 270, 683, 332], [670, 407, 712, 503], [522, 548, 579, 680], [615, 264, 640, 323], [663, 218, 685, 266], [586, 315, 618, 384], [592, 371, 628, 455], [577, 138, 618, 190], [487, 213, 508, 259], [617, 225, 639, 269], [517, 204, 539, 253]], "classes": [0, 0, 0, 0, 0, 0, 0, 0, 0, 0, 0, 0, 0, 3, 0, 0, 0], "scores": [0.9053834676742554, 0.9049813747406006, 0.9005846977233887, 0.8931009769439697, 0.8783721923828125, 0.8731870055198669, 0.8699432015419006, 0.8587067127227783, 0.8312179446220398, 0.8269738554954529, 0.7812864184379578, 0.7792138457298279, 0.7143592238426208, 0.632750928401947, 0.6293475031852722, 0.6028556823730469, 0.5068487524986267]}