{"bboxes": [[229, 523, 293, 667], [419, 306, 454, 384], [434, 542, 490, 676], [291, 405, 340, 515], [635, 358, 672, 443], [652, 284, 681, 351], [521, 376, 560, 468], [661, 226, 684, 276], [608, 280, 635, 342], [668, 442, 714, 548], [576, 335, 610, 409], [581, 396, 623, 495], [577, 132, 620, 187], [610, 237, 634, 285], [501, 628, 564, 717], [495, 205, 515, 250], [649, 192, 669, 236]], "classes": [0, 0, 0, 0, 0, 0, 0, 0, 0, 0, 0, 0, 3, 0, 0, 0, 0], "scores": [0.9286428093910217, 0.9143380522727966, 0.8979154229164124, 0.8893629312515259, 0.8516905903816223, 0.817607581615448, 0.8120960593223572, 0.7946711778640747, 0.7869492173194885, 0.7866529822349548, 0.771366536617279, 0.7346919775009155, 0.7192220687866211, 0.6297141313552856, 0.4877989888191223, 0.48279067873954773, 0.32704076170921326]}