{"bboxes": [[555, 469, 604, 584], [646, 455, 698, 571], [286, 467, 342, 599], [521, 407, 564, 509], [646, 262, 669, 316], [545, 332, 576, 404], [559, 146, 612, 208], [581, 363, 617, 449], [670, 305, 699, 373], [447, 250, 472, 305], [615, 282, 641, 340], [575, 270, 600, 328], [484, 244, 509, 297], [610, 249, 633, 293], [634, 221, 654, 264], [663, 229, 685, 276], [665, 191, 686, 233], [632, 192, 653, 233]], "classes": [0, 0, 0, 0, 0, 0, 3, 0, 0, 0, 0, 0, 0, 0, 0, 0, 0, 0], "scores": [0.9123560190200806, 0.9041747450828552, 0.8767502903938293, 0.857818067073822, 0.8172319531440735, 0.8141089677810669, 0.8127338290214539, 0.8059272170066833, 0.790331244468689, 0.7544330358505249, 0.7185156941413879, 0.7132254242897034, 0.6269605755805969, 0.5716471672058105, 0.417860209941864, 0.38956889510154724, 0.3661156892776489, 0.35024726390838623]}