{"bboxes": [[208, 500, 279, 640], [453, 557, 514, 699], [367, 367, 410, 466], [633, 605, 700, 714], [552, 309, 584, 385], [643, 302, 672, 370], [670, 361, 705, 445], [504, 407, 546, 503], [596, 285, 623, 340], [658, 252, 682, 307], [571, 140, 617, 197], [601, 327, 633, 403], [548, 456, 594, 566], [474, 226, 496, 274], [622, 246, 644, 295], [504, 219, 527, 267], [665, 206, 686, 253], [621, 210, 643, 255]], "classes": [0, 0, 0, 0, 0, 0, 0, 0, 0, 0, 3, 0, 0, 0, 0, 0, 0, 0], "scores": [0.9470319151878357, 0.8819496035575867, 0.8728360533714294, 0.870902955532074, 0.865574300289154, 0.8648461103439331, 0.8183761239051819, 0.8116937279701233, 0.7833742499351501, 0.7595822811126709, 0.7538367509841919, 0.7534931302070618, 0.73311448097229, 0.7256433367729187, 0.7024227380752563, 0.6380143761634827, 0.5652757883071899, 0.4218156933784485]}