{"bboxes": [[540, 438, 590, 551], [652, 357, 691, 444], [605, 294, 631, 351], [547, 156, 604, 229], [672, 257, 696, 314], [591, 351, 626, 434], [571, 271, 594, 321], [624, 467, 672, 584], [564, 324, 593, 392], [407, 295, 435, 361], [623, 241, 646, 290], [447, 278, 478, 349], [463, 248, 486, 295], [590, 230, 612, 278], [649, 229, 670, 275]], "classes": [0, 0, 0, 3, 0, 0, 0, 0, 0, 0, 0, 0, 0, 0, 0], "scores": [0.9564080238342285, 0.8949344158172607, 0.8695070743560791, 0.8622288107872009, 0.8619606494903564, 0.8582490086555481, 0.7778661251068115, 0.7209829688072205, 0.7195649147033691, 0.7073080539703369, 0.6927099227905273, 0.6925151944160461, 0.6328150033950806, 0.6043655276298523, 0.43630847334861755]}