{"bboxes": [[525, 479, 581, 603], [549, 154, 606, 223], [651, 378, 692, 470], [672, 268, 697, 326], [600, 310, 628, 374], [566, 284, 591, 338], [621, 509, 674, 636], [621, 252, 644, 303], [585, 236, 608, 287], [418, 279, 446, 345], [555, 338, 587, 417], [457, 271, 485, 337], [586, 373, 622, 463], [162, 621, 235, 718], [472, 240, 495, 287], [648, 236, 669, 284]], "classes": [0, 3, 0, 0, 0, 0, 0, 0, 0, 0, 0, 0, 0, 0, 0, 0], "scores": [0.9402261972427368, 0.8894430994987488, 0.8543470501899719, 0.8441504836082458, 0.8227230310440063, 0.8198986649513245, 0.8194658756256104, 0.7689718008041382, 0.755172848701477, 0.7246488332748413, 0.7238732576370239, 0.7125839591026306, 0.6929711699485779, 0.6096016764640808, 0.589576005935669, 0.5820507407188416]}