{"bboxes": [[250, 509, 317, 658], [496, 588, 560, 715], [646, 424, 695, 535], [587, 345, 621, 425], [577, 256, 602, 313], [670, 292, 698, 357], [534, 381, 572, 472], [566, 428, 611, 536], [551, 315, 580, 378], [554, 148, 611, 213], [437, 259, 463, 318], [617, 273, 642, 326], [475, 250, 502, 309], [646, 254, 669, 304], [619, 615, 672, 718], [489, 222, 510, 264], [663, 222, 684, 267], [613, 239, 634, 280]], "classes": [0, 0, 0, 0, 0, 0, 0, 0, 0, 3, 0, 0, 0, 0, 0, 0, 0, 0], "scores": [0.9403311610221863, 0.9317933917045593, 0.9200766086578369, 0.8807936906814575, 0.8697516918182373, 0.8442267179489136, 0.8413857221603394, 0.8386316299438477, 0.8247298002243042, 0.8125130534172058, 0.7980678677558899, 0.7807744145393372, 0.7736949920654297, 0.7715796828269958, 0.6728947758674622, 0.3724537789821625, 0.36489906907081604, 0.3489535450935364]}