{"bboxes": [[431, 278, 460, 339], [591, 501, 646, 627], [568, 356, 605, 442], [535, 168, 594, 243], [364, 337, 398, 419], [672, 233, 694, 282], [658, 309, 691, 380], [629, 383, 666, 473], [608, 297, 636, 364], [583, 282, 607, 335], [411, 324, 444, 405], [618, 258, 640, 303], [584, 240, 606, 285], [626, 220, 647, 263]], "classes": [0, 0, 0, 3, 0, 0, 0, 0, 0, 0, 0, 0, 0, 0], "scores": [0.8876491785049438, 0.8709529042243958, 0.8632360696792603, 0.8628522157669067, 0.8623971939086914, 0.8410336971282959, 0.8373973369598389, 0.8341551423072815, 0.7621976733207703, 0.7156767249107361, 0.698264479637146, 0.6713263392448425, 0.36923548579216003, 0.32578739523887634]}