{"bboxes": [[654, 341, 690, 422], [551, 407, 596, 509], [544, 160, 602, 234], [455, 258, 481, 312], [673, 248, 696, 303], [599, 329, 630, 407], [626, 434, 671, 543], [570, 306, 597, 371], [609, 281, 634, 336], [437, 296, 467, 368], [394, 307, 424, 379], [576, 258, 599, 308], [624, 235, 646, 282], [592, 221, 613, 268], [650, 222, 671, 268]], "classes": [0, 0, 3, 0, 0, 0, 0, 0, 0, 0, 0, 0, 0, 0, 0], "scores": [0.8847382664680481, 0.8789975643157959, 0.8629806637763977, 0.838792622089386, 0.8183947801589966, 0.7602840662002563, 0.7356799244880676, 0.7157559394836426, 0.6992618441581726, 0.6933013200759888, 0.6829777359962463, 0.6554672122001648, 0.5413477420806885, 0.40783920884132385, 0.37348222732543945]}