{"bboxes": [[250, 510, 317, 659], [496, 588, 560, 715], [646, 424, 695, 535], [587, 345, 621, 425], [577, 256, 602, 313], [670, 292, 698, 357], [534, 381, 572, 472], [566, 428, 611, 536], [551, 315, 580, 378], [554, 148, 611, 213], [437, 258, 463, 317], [617, 273, 642, 326], [646, 254, 669, 304], [475, 250, 502, 309], [619, 615, 672, 718], [489, 223, 510, 265], [663, 222, 684, 267], [613, 239, 634, 280]], "classes": [0, 0, 0, 0, 0, 0, 0, 0, 0, 3, 0, 0, 0, 0, 0, 0, 0, 0], "scores": [0.9400286674499512, 0.9317908883094788, 0.9199046492576599, 0.8803645372390747, 0.8703908920288086, 0.8445608019828796, 0.8414705991744995, 0.8382133841514587, 0.8237783908843994, 0.8132138252258301, 0.797376811504364, 0.7816945314407349, 0.7715480327606201, 0.7711384892463684, 0.6718698143959045, 0.3721480071544647, 0.36410456895828247, 0.33907389640808105]}