{"bboxes": [[654, 341, 690, 422], [551, 407, 596, 509], [544, 160, 602, 234], [455, 258, 481, 312], [673, 248, 696, 303], [599, 329, 630, 407], [626, 434, 671, 543], [570, 306, 597, 371], [609, 281, 634, 336], [437, 296, 467, 368], [394, 307, 424, 379], [576, 258, 599, 308], [624, 234, 646, 281], [592, 221, 613, 268], [650, 222, 671, 268]], "classes": [0, 0, 3, 0, 0, 0, 0, 0, 0, 0, 0, 0, 0, 0, 0], "scores": [0.8849265575408936, 0.8795797228813171, 0.8642801642417908, 0.8383516073226929, 0.8179304003715515, 0.75823974609375, 0.7352908849716187, 0.7155171632766724, 0.7004939913749695, 0.6909322142601013, 0.6827368140220642, 0.6555308699607849, 0.5412895083427429, 0.4044950604438782, 0.3718186616897583]}