{"bboxes": [[525, 479, 581, 603], [549, 154, 606, 223], [651, 378, 692, 470], [672, 268, 697, 326], [600, 310, 628, 374], [621, 509, 674, 636], [566, 284, 591, 338], [621, 252, 644, 303], [585, 236, 608, 287], [418, 279, 446, 345], [555, 338, 587, 417], [457, 271, 485, 337], [586, 373, 622, 463], [162, 621, 235, 718], [472, 240, 495, 287], [648, 236, 669, 284]], "classes": [0, 3, 0, 0, 0, 0, 0, 0, 0, 0, 0, 0, 0, 0, 0, 0], "scores": [0.9399793744087219, 0.8895383477210999, 0.8537415266036987, 0.8438645601272583, 0.821407675743103, 0.8191625475883484, 0.8175152540206909, 0.7686061263084412, 0.7545663714408875, 0.728223443031311, 0.7211593985557556, 0.7159445285797119, 0.6913498640060425, 0.6090707182884216, 0.5884611010551453, 0.5814089775085449]}