{"bboxes": [[656, 324, 691, 401], [585, 559, 644, 697], [444, 267, 471, 326], [540, 165, 597, 241], [562, 379, 603, 474], [672, 240, 695, 292], [629, 405, 670, 504], [578, 293, 604, 352], [604, 312, 635, 384], [425, 308, 457, 385], [581, 249, 603, 294], [380, 321, 412, 397], [616, 269, 639, 317], [626, 227, 647, 271], [651, 220, 671, 264], [596, 214, 616, 258]], "classes": [0, 0, 0, 3, 0, 0, 0, 0, 0, 0, 0, 0, 0, 0, 0, 0], "scores": [0.8805478811264038, 0.8710139393806458, 0.8588926792144775, 0.851003110408783, 0.8500309586524963, 0.8378196954727173, 0.7837627530097961, 0.75919508934021, 0.7381423115730286, 0.681954026222229, 0.654621422290802, 0.5796367526054382, 0.5696044564247131, 0.4393095076084137, 0.3457321226596832, 0.30822721123695374]}