{"bboxes": [[510, 528, 573, 662], [210, 560, 282, 716], [648, 399, 693, 499], [671, 279, 697, 341], [554, 154, 607, 217], [618, 260, 642, 313], [594, 327, 625, 398], [576, 396, 618, 498], [429, 268, 456, 328], [580, 245, 604, 299], [546, 359, 580, 440], [616, 558, 674, 697], [558, 298, 586, 356], [465, 261, 493, 322], [647, 242, 669, 292], [480, 231, 503, 278], [664, 215, 685, 260]], "classes": [0, 0, 0, 0, 3, 0, 0, 0, 0, 0, 0, 0, 0, 0, 0, 0, 0], "scores": [0.9464355111122131, 0.9296662211418152, 0.9202553629875183, 0.8262363076210022, 0.8224915862083435, 0.8136183023452759, 0.8079826235771179, 0.803859531879425, 0.8023112416267395, 0.7901286482810974, 0.7474899888038635, 0.7392901182174683, 0.7288144826889038, 0.6463635563850403, 0.6206417083740234, 0.3789578676223755, 0.32334578037261963]}