{"bboxes": [[431, 278, 460, 339], [591, 501, 646, 627], [568, 356, 605, 442], [364, 337, 398, 419], [535, 168, 593, 243], [672, 233, 694, 282], [658, 309, 691, 380], [629, 383, 666, 473], [608, 297, 636, 364], [583, 282, 607, 335], [411, 324, 444, 405], [618, 258, 640, 303], [584, 240, 606, 285], [626, 220, 647, 263]], "classes": [0, 0, 0, 0, 3, 0, 0, 0, 0, 0, 0, 0, 0, 0], "scores": [0.8872443437576294, 0.8718975186347961, 0.864531397819519, 0.8623964786529541, 0.8622686266899109, 0.8409870862960815, 0.8373382091522217, 0.8331608176231384, 0.7640214562416077, 0.7158556580543518, 0.6986844539642334, 0.6710789799690247, 0.3685670793056488, 0.3254002332687378]}