{"bboxes": [[593, 453, 646, 570], [376, 338, 413, 421], [659, 469, 712, 585], [276, 424, 325, 540], [596, 287, 623, 351], [611, 371, 645, 451], [339, 401, 384, 506], [664, 262, 690, 324], [514, 182, 584, 274], [636, 312, 663, 376], [624, 252, 647, 303], [485, 219, 506, 265], [672, 210, 693, 255], [600, 242, 621, 287]], "classes": [0, 0, 0, 0, 0, 0, 0, 0, 3, 0, 0, 0, 0, 0], "scores": [0.9400351643562317, 0.8910946249961853, 0.8857032656669617, 0.8825795650482178, 0.8511094450950623, 0.8288677334785461, 0.827779233455658, 0.7946430444717407, 0.7341386675834656, 0.7314087152481079, 0.7245765924453735, 0.60523921251297, 0.41133999824523926, 0.34012749791145325]}