{"bboxes": [[662, 400, 708, 505], [338, 375, 384, 474], [607, 388, 651, 486], [207, 497, 266, 633], [605, 264, 630, 319], [641, 287, 666, 344], [503, 190, 583, 294], [616, 329, 645, 390], [469, 235, 493, 288], [666, 248, 691, 303], [287, 458, 338, 585], [633, 233, 654, 281]], "classes": [0, 0, 0, 0, 0, 0, 3, 0, 0, 0, 0, 0], "scores": [0.9041067361831665, 0.8800292015075684, 0.8679077625274658, 0.8666372895240784, 0.8654621839523315, 0.7840269207954407, 0.7578811049461365, 0.7511801719665527, 0.7195678353309631, 0.7106657028198242, 0.6452715396881104, 0.5403954982757568]}