{"bboxes": [[593, 453, 646, 570], [376, 338, 413, 421], [659, 469, 712, 585], [276, 424, 325, 540], [596, 287, 623, 351], [611, 371, 645, 451], [339, 401, 384, 506], [664, 262, 690, 324], [514, 182, 584, 274], [636, 312, 663, 376], [624, 252, 647, 303], [485, 219, 506, 265], [672, 210, 693, 255], [600, 242, 621, 287]], "classes": [0, 0, 0, 0, 0, 0, 0, 0, 3, 0, 0, 0, 0, 0], "scores": [0.9397017955780029, 0.8887799978256226, 0.883951723575592, 0.8809582591056824, 0.8503463268280029, 0.8280770778656006, 0.8268003463745117, 0.795100748538971, 0.7319398522377014, 0.7309995293617249, 0.7253134846687317, 0.6055996417999268, 0.40566426515579224, 0.3395593762397766]}