{"bboxes": [[578, 334, 613, 416], [632, 361, 667, 447], [596, 456, 646, 570], [419, 291, 450, 358], [534, 173, 593, 250], [661, 295, 692, 364], [616, 285, 642, 346], [673, 227, 694, 275], [347, 352, 384, 442], [396, 341, 432, 427], [590, 271, 613, 321], [563, 616, 636, 715], [657, 623, 728, 718], [621, 246, 642, 287]], "classes": [0, 0, 0, 0, 3, 0, 0, 0, 0, 0, 0, 0, 0, 0], "scores": [0.9248082041740417, 0.879826009273529, 0.8634276390075684, 0.8587425947189331, 0.8438426852226257, 0.8420447111129761, 0.8205101490020752, 0.8125503659248352, 0.7190372943878174, 0.6986181735992432, 0.6828681826591492, 0.5216429829597473, 0.5145953893661499, 0.3403949439525604]}