{"bboxes": [[572, 555, 638, 691], [655, 560, 719, 702], [599, 421, 645, 523], [582, 317, 616, 393], [406, 305, 439, 376], [618, 272, 643, 329], [633, 344, 665, 422], [661, 283, 690, 348], [526, 174, 590, 258], [379, 355, 417, 447], [324, 372, 365, 469], [672, 220, 693, 268], [592, 260, 615, 309], [498, 206, 518, 249]], "classes": [0, 0, 0, 0, 0, 0, 0, 0, 3, 0, 0, 0, 0, 0], "scores": [0.9347602725028992, 0.8843260407447815, 0.8802699446678162, 0.8787251114845276, 0.872038722038269, 0.8585407733917236, 0.8541268706321716, 0.8355031609535217, 0.8066080808639526, 0.7815929651260376, 0.7430136203765869, 0.7131628394126892, 0.5337470173835754, 0.32097917795181274]}