{"bboxes": [[662, 400, 708, 505], [338, 375, 384, 474], [607, 388, 651, 486], [207, 497, 266, 633], [605, 264, 630, 319], [641, 287, 666, 344], [503, 190, 583, 294], [616, 329, 645, 390], [469, 235, 493, 288], [666, 248, 691, 303], [287, 458, 338, 585], [633, 233, 654, 281]], "classes": [0, 0, 0, 0, 0, 0, 3, 0, 0, 0, 0, 0], "scores": [0.9048569798469543, 0.8799479603767395, 0.8675379753112793, 0.8655799627304077, 0.8654172420501709, 0.784523606300354, 0.759914755821228, 0.750713050365448, 0.719548761844635, 0.7110166549682617, 0.6413403153419495, 0.5416713356971741]}