{"bboxes": [[598, 418, 648, 525], [660, 431, 710, 543], [359, 356, 399, 444], [314, 426, 363, 544], [665, 255, 690, 313], [613, 349, 645, 419], [638, 299, 663, 359], [244, 458, 296, 580], [601, 277, 626, 334], [509, 184, 584, 285], [476, 226, 498, 276], [630, 241, 651, 291], [603, 235, 624, 280], [672, 205, 692, 249]], "classes": [0, 0, 0, 0, 0, 0, 0, 0, 0, 3, 0, 0, 0, 0], "scores": [0.9353247880935669, 0.9268598556518555, 0.8799600601196289, 0.8690657615661621, 0.8070882558822632, 0.8059165477752686, 0.7557841539382935, 0.7492504715919495, 0.7347325682640076, 0.6843596696853638, 0.6622171401977539, 0.49969321489334106, 0.34215742349624634, 0.32649004459381104]}