{"bboxes": [[584, 499, 642, 622], [392, 321, 428, 399], [659, 512, 717, 638], [607, 395, 646, 484], [590, 300, 621, 370], [303, 396, 348, 502], [360, 376, 401, 477], [635, 326, 665, 398], [621, 261, 645, 314], [664, 272, 693, 336], [524, 179, 589, 265], [673, 213, 694, 260], [493, 212, 514, 258], [598, 249, 619, 295]], "classes": [0, 0, 0, 0, 0, 0, 0, 0, 0, 0, 3, 0, 0, 0], "scores": [0.9400997757911682, 0.8990000486373901, 0.8851715326309204, 0.8761621713638306, 0.8550230264663696, 0.8404164910316467, 0.837422788143158, 0.8112395405769348, 0.8022820353507996, 0.7996196746826172, 0.7353892922401428, 0.5680821537971497, 0.4367453455924988, 0.4326450228691101]}