{"bboxes": [[572, 555, 638, 691], [655, 560, 719, 702], [599, 421, 645, 523], [582, 317, 616, 393], [406, 305, 439, 376], [618, 272, 643, 329], [633, 344, 665, 422], [661, 283, 690, 348], [526, 173, 590, 257], [379, 355, 417, 447], [324, 372, 365, 469], [672, 220, 693, 268], [592, 260, 615, 309], [498, 206, 518, 249]], "classes": [0, 0, 0, 0, 0, 0, 0, 0, 3, 0, 0, 0, 0, 0], "scores": [0.9350501298904419, 0.8837708234786987, 0.8800094127655029, 0.8773916363716125, 0.8712149262428284, 0.8586249947547913, 0.8549992442131042, 0.8351073265075684, 0.8013690114021301, 0.7834035158157349, 0.7400549054145813, 0.7116517424583435, 0.5333982706069946, 0.3108457624912262]}