{"bboxes": [[165, 563, 240, 710], [402, 299, 434, 373], [661, 606, 729, 718], [672, 302, 702, 372], [633, 287, 661, 351], [455, 221, 571, 369], [646, 242, 666, 287], [672, 214, 693, 261], [623, 263, 644, 312]], "classes": [0, 0, 0, 0, 0, 3, 0, 0, 0], "scores": [0.9698765873908997, 0.8669718503952026, 0.8502349853515625, 0.8123518228530884, 0.7592307925224304, 0.592222273349762, 0.5774834156036377, 0.41059449315071106, 0.4015379548072815]}