{"bboxes": [[660, 550, 723, 689], [672, 288, 700, 355], [381, 317, 416, 397], [635, 275, 661, 334], [103, 624, 195, 718], [443, 220, 564, 382], [647, 235, 667, 280], [671, 210, 692, 256], [623, 249, 644, 298], [503, 200, 524, 242]], "classes": [0, 0, 0, 0, 0, 3, 0, 0, 0, 0], "scores": [0.9309956431388855, 0.824822723865509, 0.7633410096168518, 0.7025123238563538, 0.6127841472625732, 0.5430015325546265, 0.4447568953037262, 0.4070046842098236, 0.37133488059043884, 0.3457967936992645]}