{"bboxes": [[660, 550, 723, 689], [672, 288, 700, 355], [381, 317, 416, 397], [635, 275, 661, 334], [103, 624, 195, 718], [443, 220, 564, 382], [647, 235, 667, 280], [671, 210, 692, 256], [623, 249, 644, 298], [503, 200, 524, 242]], "classes": [0, 0, 0, 0, 0, 3, 0, 0, 0, 0], "scores": [0.9305659532546997, 0.8242961168289185, 0.7629677653312683, 0.7040720582008362, 0.6125032305717468, 0.5403216481208801, 0.44468772411346436, 0.40844467282295227, 0.3726927936077118, 0.3453189730644226]}