{"bboxes": [[278, 438, 332, 554], [208, 550, 273, 703], [620, 338, 655, 416], [667, 356, 703, 438], [442, 257, 471, 318], [482, 203, 575, 323], [618, 295, 643, 348], [669, 232, 692, 283], [641, 264, 663, 316], [612, 242, 634, 291], [98, 618, 172, 717], [637, 220, 657, 264]], "classes": [0, 0, 0, 0, 0, 3, 0, 0, 0, 0, 0, 0], "scores": [0.9323056936264038, 0.8809778094291687, 0.8624599575996399, 0.8135381937026978, 0.8089807629585266, 0.7903487086296082, 0.7657471299171448, 0.7255785465240479, 0.6857050061225891, 0.6419286727905273, 0.5459212064743042, 0.3071620464324951]}