{"bboxes": [[247, 471, 307, 599], [430, 269, 460, 334], [162, 608, 232, 718], [626, 320, 658, 392], [670, 334, 704, 413], [644, 256, 665, 306], [670, 226, 692, 275], [475, 206, 573, 336], [620, 282, 644, 332], [616, 235, 636, 281]], "classes": [0, 0, 0, 0, 0, 0, 0, 3, 0, 0], "scores": [0.946215033531189, 0.8770398497581482, 0.8512584567070007, 0.8231719136238098, 0.8052510023117065, 0.7765493988990784, 0.6841527819633484, 0.6828528642654419, 0.6801828742027283, 0.45295220613479614]}