{"bboxes": [[313, 400, 362, 508], [163, 551, 227, 692], [613, 367, 651, 453], [457, 244, 483, 299], [608, 255, 631, 305], [617, 314, 644, 369], [639, 275, 663, 330], [664, 380, 705, 473], [494, 194, 579, 305], [668, 240, 692, 293], [254, 497, 309, 636], [634, 227, 655, 272]], "classes": [0, 0, 0, 0, 0, 0, 0, 0, 3, 0, 0, 0], "scores": [0.9267152547836304, 0.8806220889091492, 0.8535049557685852, 0.8039867281913757, 0.8025973439216614, 0.7879971861839294, 0.7737997174263, 0.7684692740440369, 0.7568784356117249, 0.739056408405304, 0.7317284345626831, 0.4001924395561218]}