{"bboxes": [[207, 511, 276, 652], [415, 282, 447, 353], [670, 318, 702, 394], [629, 304, 658, 371], [644, 248, 664, 296], [465, 209, 571, 352], [670, 220, 691, 268], [617, 228, 637, 272], [621, 271, 643, 319]], "classes": [0, 0, 0, 0, 0, 3, 0, 0, 0], "scores": [0.9673166871070862, 0.8399782776832581, 0.8178457617759705, 0.7503867745399475, 0.6919738054275513, 0.579756498336792, 0.5518064498901367, 0.38056710362434387, 0.35271432995796204]}