{"bboxes": [[278, 438, 332, 554], [208, 550, 273, 703], [620, 338, 655, 417], [667, 356, 703, 438], [442, 257, 471, 318], [482, 203, 575, 323], [618, 295, 643, 348], [669, 232, 692, 283], [641, 264, 663, 316], [612, 242, 634, 291], [98, 618, 172, 717], [637, 220, 657, 264]], "classes": [0, 0, 0, 0, 0, 3, 0, 0, 0, 0, 0, 0], "scores": [0.9322943091392517, 0.8820156455039978, 0.8626290559768677, 0.8132416009902954, 0.80967116355896, 0.7939314246177673, 0.7665609121322632, 0.7253172397613525, 0.6846135854721069, 0.6439515948295593, 0.5450986623764038, 0.30686795711517334]}