{"bboxes": [[207, 511, 276, 652], [415, 282, 447, 353], [670, 318, 702, 394], [629, 304, 658, 371], [644, 248, 664, 296], [465, 209, 571, 352], [670, 220, 691, 268], [617, 228, 637, 272], [621, 271, 643, 319]], "classes": [0, 0, 0, 0, 0, 3, 0, 0, 0], "scores": [0.9668572545051575, 0.8369138836860657, 0.8170193433761597, 0.7500333786010742, 0.6889920234680176, 0.579609215259552, 0.552757978439331, 0.37431931495666504, 0.3652540147304535]}