{"bboxes": [[660, 504, 719, 633], [362, 339, 399, 424], [673, 276, 699, 338], [638, 263, 662, 320], [430, 231, 554, 402], [672, 205, 692, 249], [624, 241, 645, 289], [648, 228, 668, 272]], "classes": [0, 0, 0, 0, 0, 0, 0, 0], "scores": [0.9160764217376709, 0.8720464110374451, 0.8470026254653931, 0.6723620891571045, 0.5783253908157349, 0.40730753540992737, 0.3785862922668457, 0.3398854434490204]}