{"bboxes": [[658, 404, 709, 508], [287, 416, 335, 531], [673, 247, 696, 300], [533, 197, 554, 243], [377, 278, 539, 487], [502, 232, 524, 279], [647, 234, 668, 284], [479, 220, 500, 265], [625, 217, 646, 264]], "classes": [0, 0, 0, 0, 2, 0, 0, 0, 0], "scores": [0.9384803175926208, 0.8987039923667908, 0.7365870475769043, 0.5976344347000122, 0.5249241590499878, 0.5054782032966614, 0.4956227242946625, 0.4499744474887848, 0.43573975563049316]}