{"bboxes": [[207, 497, 270, 642], [659, 360, 703, 448], [651, 548, 711, 686], [321, 301, 519, 564], [523, 207, 546, 256], [673, 232, 694, 282], [465, 234, 488, 281], [483, 252, 507, 301], [649, 220, 669, 267], [626, 204, 646, 249], [560, 190, 580, 233]], "classes": [0, 0, 0, 3, 0, 0, 0, 0, 0, 0, 0], "scores": [0.8987147808074951, 0.849551796913147, 0.8443271517753601, 0.6624119877815247, 0.6565957069396973, 0.655625581741333, 0.5865214467048645, 0.5139338374137878, 0.4083239734172821, 0.37574145197868347, 0.3386184573173523]}