{"bboxes": [[658, 404, 709, 508], [287, 416, 335, 531], [673, 247, 696, 300], [533, 197, 554, 243], [377, 278, 539, 487], [502, 232, 524, 279], [647, 234, 668, 284], [479, 220, 500, 265], [625, 216, 646, 263]], "classes": [0, 0, 0, 0, 2, 0, 0, 0, 0], "scores": [0.9384916424751282, 0.8987019658088684, 0.7359824776649475, 0.5977911949157715, 0.5216334462165833, 0.5023626685142517, 0.4972521662712097, 0.4527415931224823, 0.4351333677768707]}