{"bboxes": [[657, 466, 714, 586], [672, 264, 698, 323], [643, 252, 666, 307], [408, 246, 547, 424], [341, 360, 380, 451], [626, 233, 646, 280], [516, 212, 537, 255], [542, 185, 563, 230], [672, 200, 692, 244]], "classes": [0, 0, 0, 3, 0, 0, 0, 0, 0], "scores": [0.9319143891334534, 0.8371226787567139, 0.7364943623542786, 0.7165382504463196, 0.704613208770752, 0.44408315420150757, 0.38135403394699097, 0.35137686133384705, 0.30576029419898987]}