{"bboxes": [[650, 454, 700, 571], [458, 275, 487, 339], [661, 320, 700, 400], [509, 219, 534, 273], [248, 366, 488, 680], [552, 202, 573, 249], [671, 219, 692, 265], [441, 256, 469, 302]], "classes": [0, 0, 0, 0, 3, 0, 0, 0], "scores": [0.8714593648910522, 0.8669006824493408, 0.8524250984191895, 0.6869598627090454, 0.54747474193573, 0.5029506683349609, 0.41837480664253235, 0.33490848541259766]}