{"bboxes": [[649, 500, 705, 630], [660, 341, 701, 425], [159, 564, 225, 715], [471, 263, 497, 318], [517, 211, 540, 262], [292, 325, 504, 606], [672, 226, 693, 274], [455, 244, 480, 291], [556, 195, 576, 239]], "classes": [0, 0, 0, 0, 0, 3, 0, 0, 0], "scores": [0.9019794464111328, 0.8741939663887024, 0.8406530618667603, 0.8118281960487366, 0.6744140982627869, 0.6308659315109253, 0.5390197038650513, 0.39040371775627136, 0.33334314823150635]}