{"bboxes": [[207, 497, 270, 642], [659, 360, 703, 448], [651, 548, 710, 686], [321, 300, 519, 564], [523, 207, 546, 257], [673, 232, 694, 282], [465, 234, 488, 281], [483, 252, 507, 301], [649, 220, 669, 267], [626, 204, 646, 249], [560, 190, 580, 233]], "classes": [0, 0, 0, 3, 0, 0, 0, 0, 0, 0, 0], "scores": [0.8982351422309875, 0.8492345213890076, 0.8441248536109924, 0.6643081903457642, 0.6581730842590332, 0.6557952761650085, 0.5901117324829102, 0.5173912644386292, 0.4088701009750366, 0.37749066948890686, 0.3372872769832611]}