{"bboxes": [[657, 431, 711, 543], [315, 385, 359, 488], [673, 256, 697, 312], [644, 243, 666, 295], [393, 263, 544, 455], [538, 189, 559, 237], [625, 225, 645, 272]], "classes": [0, 0, 0, 0, 3, 0, 0], "scores": [0.9409738779067993, 0.8614717721939087, 0.7779766321182251, 0.700369656085968, 0.6639903783798218, 0.5286034941673279, 0.4256221055984497]}