{"bboxes": [[658, 381, 706, 477], [252, 460, 303, 582], [653, 603, 713, 718], [672, 240, 694, 291], [527, 201, 549, 248], [490, 245, 513, 293], [350, 286, 531, 520], [647, 227, 667, 274], [472, 227, 493, 271], [625, 210, 645, 256]], "classes": [0, 0, 0, 0, 0, 0, 3, 0, 0, 0], "scores": [0.8920924663543701, 0.8238400816917419, 0.7738467454910278, 0.757559061050415, 0.6016495823860168, 0.5611941814422607, 0.5360834002494812, 0.5226560235023499, 0.39809727668762207, 0.3801836371421814]}