{"bboxes": [[657, 466, 714, 586], [672, 264, 698, 323], [643, 252, 666, 307], [408, 247, 547, 425], [341, 360, 380, 451], [626, 233, 646, 280], [516, 212, 537, 255], [542, 185, 563, 230], [672, 200, 692, 244]], "classes": [0, 0, 0, 3, 0, 0, 0, 0, 0], "scores": [0.9320029616355896, 0.8374737501144409, 0.7369012236595154, 0.7153687477111816, 0.7057901620864868, 0.44408783316612244, 0.3856102228164673, 0.3536612093448639, 0.3060697913169861]}