{"bboxes": [[540, 568, 604, 709], [525, 243, 551, 300], [652, 332, 687, 414], [663, 256, 695, 318], [625, 473, 676, 595], [468, 271, 500, 337], [376, 368, 417, 464], [385, 317, 416, 380], [483, 227, 504, 273]], "classes": [0, 0, 0, 0, 0, 0, 0, 0, 0], "scores": [0.8925511240959167, 0.8638293743133545, 0.8594220280647278, 0.8445096611976624, 0.8179543614387512, 0.8104074597358704, 0.7972514629364014, 0.7387498617172241, 0.522317111492157]}