{"bboxes": [[650, 390, 694, 490], [662, 287, 697, 360], [430, 311, 462, 386], [611, 615, 671, 716], [495, 243, 521, 297], [544, 219, 565, 267], [424, 274, 449, 322], [138, 429, 448, 718], [663, 199, 687, 243]], "classes": [0, 0, 0, 0, 0, 0, 0, 3, 0], "scores": [0.8539832830429077, 0.8367977738380432, 0.832766592502594, 0.765082597732544, 0.7609533071517944, 0.6486894488334656, 0.5806933641433716, 0.5703743696212769, 0.3135302662849426]}