{"bboxes": [[553, 517, 611, 647], [458, 284, 492, 355], [354, 397, 399, 503], [651, 316, 685, 394], [666, 247, 695, 307], [371, 328, 404, 400], [628, 438, 675, 551], [519, 254, 546, 317], [474, 231, 498, 285], [513, 203, 533, 249], [538, 205, 559, 251]], "classes": [0, 0, 0, 0, 0, 0, 0, 0, 0, 0, 0], "scores": [0.9038633108139038, 0.8674775958061218, 0.8629980087280273, 0.838190495967865, 0.8151193261146545, 0.7995268106460571, 0.790946364402771, 0.7692029476165771, 0.6776613593101501, 0.5334092974662781, 0.4731876254081726]}