{"bboxes": [[414, 328, 449, 409], [661, 275, 695, 345], [614, 561, 671, 699], [485, 250, 515, 308], [650, 369, 690, 462], [537, 226, 561, 276], [411, 286, 438, 339], [92, 432, 436, 716], [497, 212, 517, 257]], "classes": [0, 0, 0, 0, 0, 0, 0, 3, 0], "scores": [0.8697460889816284, 0.8346840143203735, 0.8256136775016785, 0.8219947814941406, 0.7784746885299683, 0.7541998028755188, 0.6320797801017761, 0.5039297938346863, 0.3294283449649811]}