{"bboxes": [[661, 304, 698, 381], [650, 423, 698, 531], [447, 292, 476, 356], [504, 230, 530, 282], [191, 390, 470, 716], [434, 258, 459, 313], [548, 210, 569, 257]], "classes": [0, 0, 0, 0, 3, 0, 0], "scores": [0.8986790180206299, 0.8763311505317688, 0.81855708360672, 0.706838846206665, 0.6431836485862732, 0.6101218461990356, 0.4968976378440857]}