{"bboxes": [[652, 350, 690, 438], [662, 265, 695, 330], [478, 258, 508, 323], [620, 514, 674, 644], [397, 347, 434, 435], [533, 237, 556, 289], [401, 302, 429, 358], [527, 628, 599, 717], [490, 219, 511, 264], [665, 191, 688, 234]], "classes": [0, 0, 0, 0, 0, 0, 0, 0, 0, 0], "scores": [0.8526932001113892, 0.8359676599502563, 0.8128020167350769, 0.8069695234298706, 0.7818554043769836, 0.7418845891952515, 0.6976488828659058, 0.6020990610122681, 0.5444350242614746, 0.306700199842453]}