{"bboxes": [[553, 517, 611, 647], [458, 284, 492, 355], [354, 396, 399, 502], [651, 316, 685, 394], [666, 247, 695, 307], [371, 328, 404, 400], [628, 438, 675, 551], [519, 254, 546, 317], [474, 231, 498, 285], [513, 203, 533, 249], [538, 205, 559, 251]], "classes": [0, 0, 0, 0, 0, 0, 0, 0, 0, 0, 0], "scores": [0.9044934511184692, 0.8668999075889587, 0.8639801740646362, 0.8380003571510315, 0.8148592710494995, 0.8010117411613464, 0.7941927909851074, 0.7677193284034729, 0.6859710812568665, 0.536016047000885, 0.47246253490448]}