{"bboxes": [[650, 454, 700, 571], [458, 275, 487, 339], [661, 320, 700, 400], [509, 219, 534, 273], [248, 366, 487, 680], [552, 201, 573, 248], [671, 219, 692, 265], [441, 256, 469, 302]], "classes": [0, 0, 0, 0, 3, 0, 0, 0], "scores": [0.8714745044708252, 0.867845356464386, 0.8519454002380371, 0.6884254217147827, 0.5530344247817993, 0.5019055604934692, 0.41962239146232605, 0.33402252197265625]}