{"bboxes": [[652, 350, 690, 438], [662, 265, 695, 330], [478, 258, 508, 323], [620, 514, 674, 644], [397, 347, 434, 435], [533, 237, 556, 289], [401, 302, 429, 358], [527, 628, 599, 717], [490, 219, 511, 264], [665, 191, 688, 234]], "classes": [0, 0, 0, 0, 0, 0, 0, 0, 0, 0], "scores": [0.8529233932495117, 0.8367261290550232, 0.8125512599945068, 0.8050286173820496, 0.7822864651679993, 0.7414214015007019, 0.6976693868637085, 0.5994068384170532, 0.541268527507782, 0.3058181703090668]}