{"bboxes": [[650, 390, 694, 490], [662, 287, 697, 360], [430, 311, 462, 386], [611, 615, 671, 716], [496, 243, 522, 297], [544, 219, 565, 267], [424, 274, 449, 322], [138, 430, 448, 718], [663, 199, 687, 243]], "classes": [0, 0, 0, 0, 0, 0, 0, 3, 0], "scores": [0.8530290722846985, 0.8377448320388794, 0.8307409882545471, 0.76425701379776, 0.7575276494026184, 0.6482255458831787, 0.5850550532341003, 0.5695359110832214, 0.3141625225543976]}