{"bboxes": [[395, 359, 437, 458], [473, 329, 510, 415], [181, 611, 257, 719], [642, 335, 676, 419], [270, 432, 320, 545], [656, 262, 683, 323], [588, 374, 626, 466], [672, 217, 695, 264], [432, 282, 463, 349], [482, 233, 505, 286], [511, 237, 535, 290]], "classes": [0, 0, 0, 0, 0, 0, 0, 0, 0, 0, 0], "scores": [0.9067882299423218, 0.9038229584693909, 0.8575131893157959, 0.8568410873413086, 0.8519881367683411, 0.8444608449935913, 0.8292466998100281, 0.7999304533004761, 0.7631744146347046, 0.738887369632721, 0.6255536675453186]}