{"bboxes": [[284, 484, 339, 607], [430, 317, 467, 399], [669, 230, 695, 282], [456, 260, 482, 314], [572, 431, 619, 542], [499, 286, 530, 357], [323, 372, 365, 467], [653, 287, 683, 356], [637, 380, 676, 474], [499, 217, 521, 265], [524, 219, 547, 267]], "classes": [0, 0, 0, 0, 0, 0, 0, 0, 0, 0, 0], "scores": [0.9300034642219543, 0.8907907009124756, 0.8669750690460205, 0.8502574563026428, 0.8490262031555176, 0.8460254669189453, 0.8114440441131592, 0.8024095892906189, 0.7331079244613647, 0.709236204624176, 0.6297456622123718]}