{"bboxes": [[341, 418, 393, 537], [188, 510, 251, 653], [436, 389, 483, 494], [404, 323, 438, 397], [657, 243, 681, 296], [598, 329, 632, 408], [645, 301, 676, 374], [462, 252, 487, 311], [673, 206, 695, 250], [510, 204, 531, 249], [495, 256, 522, 316]], "classes": [0, 0, 0, 0, 0, 0, 0, 0, 0, 0, 0], "scores": [0.9406046867370605, 0.9236738085746765, 0.919512927532196, 0.8691207766532898, 0.8497763276100159, 0.8354859948158264, 0.8192911148071289, 0.6996045112609863, 0.6730184555053711, 0.6645907163619995, 0.6216620206832886]}