{"bboxes": [[341, 418, 393, 537], [188, 510, 251, 653], [436, 389, 483, 494], [404, 323, 438, 397], [657, 243, 681, 296], [598, 329, 632, 408], [645, 301, 676, 374], [462, 252, 487, 311], [673, 207, 695, 251], [510, 204, 531, 249], [495, 256, 522, 316]], "classes": [0, 0, 0, 0, 0, 0, 0, 0, 0, 0, 0], "scores": [0.9407233595848083, 0.9239041209220886, 0.9196250438690186, 0.8692910075187683, 0.8495304584503174, 0.8339032530784607, 0.8182411193847656, 0.6979241967201233, 0.6731383204460144, 0.6648803353309631, 0.618396520614624]}