{"bboxes": [[368, 390, 416, 499], [418, 307, 449, 374], [456, 358, 496, 453], [657, 251, 682, 308], [473, 243, 497, 298], [230, 470, 284, 598], [645, 316, 677, 394], [593, 346, 628, 431], [501, 248, 527, 304], [514, 197, 534, 242], [673, 211, 695, 257]], "classes": [0, 0, 0, 0, 0, 0, 0, 0, 0, 0, 0], "scores": [0.9445879459381104, 0.8720503449440002, 0.8422132134437561, 0.8411918878555298, 0.8150485157966614, 0.807948887348175, 0.807935357093811, 0.7763466238975525, 0.7171707153320312, 0.6906822919845581, 0.6606079339981079]}