{"bboxes": [[284, 484, 339, 607], [430, 317, 467, 399], [669, 230, 695, 282], [456, 260, 482, 314], [572, 431, 619, 542], [499, 286, 530, 357], [323, 372, 365, 467], [653, 287, 683, 356], [637, 380, 676, 474], [499, 217, 521, 265], [524, 219, 547, 267]], "classes": [0, 0, 0, 0, 0, 0, 0, 0, 0, 0, 0], "scores": [0.930314302444458, 0.8905746936798096, 0.8670690059661865, 0.8500572443008423, 0.850053608417511, 0.8446760773658752, 0.8115366697311401, 0.8017100095748901, 0.732530415058136, 0.7089372873306274, 0.6304499506950378]}