{"bboxes": [[395, 359, 437, 458], [473, 329, 510, 415], [181, 611, 257, 719], [642, 335, 676, 419], [270, 432, 320, 545], [656, 262, 683, 323], [588, 374, 626, 466], [672, 217, 695, 264], [432, 282, 463, 349], [482, 233, 505, 286], [511, 237, 535, 290]], "classes": [0, 0, 0, 0, 0, 0, 0, 0, 0, 0, 0], "scores": [0.9072415232658386, 0.9038768410682678, 0.8577637672424316, 0.8566269278526306, 0.8512657880783081, 0.8442561626434326, 0.8300199508666992, 0.8007740378379822, 0.7630476355552673, 0.7374021410942078, 0.6236298084259033]}