{"bboxes": [[314, 452, 371, 581], [415, 422, 466, 540], [143, 559, 212, 713], [390, 343, 427, 423], [602, 311, 633, 388], [455, 262, 482, 323], [647, 288, 675, 357], [658, 234, 681, 285], [486, 266, 514, 330], [505, 209, 527, 256], [673, 200, 694, 244]], "classes": [0, 0, 0, 0, 0, 0, 0, 0, 0, 0, 0], "scores": [0.9422430396080017, 0.9249778985977173, 0.913820207118988, 0.9034273028373718, 0.8522189855575562, 0.8164445757865906, 0.7809481024742126, 0.773756206035614, 0.7213737368583679, 0.6656507849693298, 0.4840724766254425]}