{"bboxes": [[245, 533, 308, 670], [301, 394, 348, 500], [416, 336, 455, 424], [580, 403, 623, 503], [489, 304, 524, 381], [445, 264, 474, 329], [671, 225, 695, 275], [655, 276, 683, 340], [640, 360, 677, 449], [492, 223, 515, 272], [518, 226, 542, 275]], "classes": [0, 0, 0, 0, 0, 0, 0, 0, 0, 0, 0], "scores": [0.9327220320701599, 0.9094146490097046, 0.9080905318260193, 0.8370978832244873, 0.8363762497901917, 0.8321144580841064, 0.8297371864318848, 0.8231922388076782, 0.7939850687980652, 0.46600115299224854, 0.34824618697166443]}