{"bboxes": [[327, 433, 377, 546], [446, 297, 483, 373], [560, 474, 614, 596], [511, 266, 540, 333], [668, 240, 695, 296], [653, 302, 685, 374], [350, 348, 388, 433], [633, 410, 676, 511], [468, 250, 491, 298], [506, 209, 527, 257], [532, 213, 553, 258]], "classes": [0, 0, 0, 0, 0, 0, 0, 0, 0, 0, 0], "scores": [0.9420508742332458, 0.9082332849502563, 0.8831048607826233, 0.8783917427062988, 0.8444845676422119, 0.8329501152038574, 0.8191346526145935, 0.8102877140045166, 0.6935117840766907, 0.39691224694252014, 0.3927229940891266]}