{"bboxes": [[277, 491, 343, 639], [388, 460, 445, 593], [369, 361, 408, 450], [647, 276, 674, 341], [498, 213, 520, 262], [443, 274, 470, 338], [603, 295, 633, 367], [476, 278, 506, 347], [658, 227, 680, 277], [673, 198, 694, 241], [564, 185, 584, 228]], "classes": [0, 0, 0, 0, 0, 0, 0, 0, 0, 0, 0], "scores": [0.938251793384552, 0.9208327531814575, 0.8831744194030762, 0.8043785691261292, 0.7832648158073425, 0.7811499238014221, 0.773354172706604, 0.7266882061958313, 0.7071780562400818, 0.44803425669670105, 0.35274624824523926]}