{"bboxes": [[237, 520, 301, 663], [518, 461, 571, 580], [670, 560, 733, 704], [469, 246, 496, 302], [379, 349, 414, 436], [616, 244, 641, 302], [651, 237, 674, 290], [422, 356, 460, 450], [542, 215, 565, 267], [500, 207, 522, 256], [569, 560, 625, 702], [660, 203, 681, 248]], "classes": [0, 0, 0, 0, 0, 0, 0, 0, 0, 0, 0, 0], "scores": [0.9507485032081604, 0.922405481338501, 0.8953384757041931, 0.8837394118309021, 0.816414475440979, 0.809565544128418, 0.7521735429763794, 0.7438105344772339, 0.7305929064750671, 0.6783974170684814, 0.6087396740913391, 0.46867942810058594]}