{"bboxes": [[239, 541, 310, 703], [358, 512, 422, 660], [349, 384, 393, 485], [607, 281, 635, 351], [495, 220, 517, 269], [432, 287, 460, 355], [469, 294, 499, 366], [650, 266, 675, 327], [659, 221, 682, 271], [674, 192, 694, 235]], "classes": [0, 0, 0, 0, 0, 0, 0, 0, 0, 0], "scores": [0.94041508436203, 0.9170043468475342, 0.8704501986503601, 0.7962643504142761, 0.7694407105445862, 0.7269123196601868, 0.6893918514251709, 0.6694720387458801, 0.6241185665130615, 0.35289815068244934]}