{"bboxes": [[277, 491, 343, 639], [387, 460, 444, 594], [369, 361, 408, 450], [647, 276, 674, 341], [443, 274, 470, 338], [498, 212, 520, 261], [603, 295, 633, 367], [476, 278, 506, 347], [658, 227, 680, 277], [673, 198, 693, 241], [564, 185, 584, 227]], "classes": [0, 0, 0, 0, 0, 0, 0, 0, 0, 0, 0], "scores": [0.9365766644477844, 0.9220712780952454, 0.886480987071991, 0.8023049235343933, 0.7870776057243347, 0.7826890349388123, 0.7715846300125122, 0.7310493588447571, 0.7062911987304688, 0.4395866394042969, 0.3439446687698364]}