{"bboxes": [[190, 579, 261, 718], [459, 252, 488, 314], [529, 417, 576, 525], [669, 506, 728, 636], [618, 234, 642, 291], [575, 509, 627, 640], [404, 379, 445, 480], [651, 230, 673, 282], [535, 223, 560, 280], [360, 370, 399, 467], [494, 211, 516, 263], [661, 197, 681, 241]], "classes": [0, 0, 0, 0, 0, 0, 0, 0, 0, 0, 0, 0], "scores": [0.9382312893867493, 0.8911874890327454, 0.8842822909355164, 0.8775870203971863, 0.8328507542610168, 0.7986382842063904, 0.7485208511352539, 0.7444785237312317, 0.7306426763534546, 0.7275019288063049, 0.6189826726913452, 0.49726900458335876]}