{"bboxes": [[315, 422, 366, 538], [304, 590, 377, 718], [181, 615, 252, 718], [477, 614, 547, 717], [486, 227, 511, 279], [609, 267, 636, 332], [416, 307, 447, 381], [650, 255, 674, 313], [454, 313, 487, 393], [554, 198, 575, 245], [513, 197, 533, 241], [659, 213, 680, 262]], "classes": [0, 0, 0, 0, 0, 0, 0, 0, 0, 0, 0, 0], "scores": [0.9375309944152832, 0.9312247037887573, 0.8675699234008789, 0.8509606719017029, 0.8264917135238647, 0.8018528819084167, 0.7586976289749146, 0.7426832914352417, 0.69359290599823, 0.6115115880966187, 0.5284573435783386, 0.5200614333152771]}