{"bboxes": [[502, 537, 561, 672], [284, 461, 338, 586], [478, 234, 504, 290], [401, 325, 433, 405], [442, 332, 476, 417], [651, 247, 674, 301], [612, 256, 638, 318], [550, 206, 572, 255], [507, 203, 528, 249], [659, 208, 681, 256], [561, 640, 617, 716]], "classes": [0, 0, 0, 0, 0, 0, 0, 0, 0, 0, 0], "scores": [0.9258887767791748, 0.9096587300300598, 0.8671340346336365, 0.832127571105957, 0.7944240570068359, 0.7003756165504456, 0.6337987780570984, 0.6130750775337219, 0.5263543725013733, 0.4590202569961548, 0.3231947124004364]}