{"bboxes": [[315, 422, 366, 538], [304, 590, 377, 718], [181, 615, 252, 717], [477, 614, 547, 717], [486, 227, 511, 279], [609, 267, 636, 332], [416, 307, 447, 381], [650, 255, 674, 313], [454, 313, 487, 393], [554, 198, 575, 245], [513, 197, 533, 241], [659, 213, 680, 262]], "classes": [0, 0, 0, 0, 0, 0, 0, 0, 0, 0, 0, 0], "scores": [0.9376987218856812, 0.9313040971755981, 0.8679630756378174, 0.8506203889846802, 0.8250781893730164, 0.802116334438324, 0.7580857276916504, 0.7425993084907532, 0.69229656457901, 0.6048668026924133, 0.5283496379852295, 0.5215407013893127]}