{"bboxes": [[384, 408, 431, 520], [448, 262, 481, 326], [669, 464, 723, 579], [335, 398, 379, 503], [536, 379, 580, 474], [690, 597, 749, 718], [526, 236, 551, 293], [581, 467, 631, 587], [486, 218, 509, 270], [620, 227, 643, 280], [652, 225, 673, 273], [661, 192, 681, 235]], "classes": [0, 0, 0, 0, 0, 0, 0, 0, 0, 0, 0, 0], "scores": [0.9299824237823486, 0.8969678282737732, 0.8875030875205994, 0.8502486944198608, 0.8490503430366516, 0.8373751044273376, 0.8335464596748352, 0.801010012626648, 0.7737223505973816, 0.7655751705169678, 0.699739933013916, 0.34304702281951904]}