{"bboxes": [[237, 520, 301, 663], [518, 461, 571, 580], [670, 560, 733, 704], [469, 246, 496, 302], [379, 349, 414, 436], [616, 244, 641, 302], [651, 237, 674, 290], [422, 356, 460, 450], [542, 216, 565, 268], [500, 207, 522, 256], [569, 560, 625, 702], [660, 203, 681, 248]], "classes": [0, 0, 0, 0, 0, 0, 0, 0, 0, 0, 0, 0], "scores": [0.9507878422737122, 0.9224086999893188, 0.895857572555542, 0.8838353157043457, 0.8167592883110046, 0.8101710081100464, 0.7522251009941101, 0.7433304786682129, 0.7268315553665161, 0.6782788634300232, 0.60907381772995, 0.4677222669124603]}